fullmove_number;ply_number;turn;san;lan;score;score_change;score_change_category;move_count;best_move;best_move_score;best_move_score_diff;best_move_score_diff_category;is_check;is_capture;is_castling;possible_moves_count;possible_moves_quality;captures;is_capture_count;is_capture_weighted;attackers_white;attackers_count_white;attacked_pieces_white;attacked_pieces_count_white;guards_white;guards_count_white;guarded_pieces_white;guarded_pieces_count_white;attacked_guarded_pieces_white;attacked_guarded_pieces_count_white;unopposed_threats_white;unopposed_threats_count_white;threats_count_white;forking_pieces_white;fork_count_white;pin_count_white;skewer_count_white;attackers_black;attackers_count_black;attacked_pieces_black;attacked_pieces_count_black;guards_black;guards_count_black;guarded_pieces_black;guarded_pieces_count_black;attacked_guarded_pieces_black;attacked_guarded_pieces_count_black;unopposed_threats_black;unopposed_threats_count_black;threats_count_black;forking_pieces_black;fork_count_black;pin_count_black;skewer_count_black;attackers_centipawn_white;attacked_pieces_centipawn_white;guards_centipawn_white;guarded_pieces_centipawn_white;attacked_guarded_pieces_centipawn_white;unopposed_threats_centipawn_white;threats_centipawn_white;attackers_centipawn_black;attacked_pieces_centipawn_black;guards_centipawn_black;guarded_pieces_centipawn_black;attacked_guarded_pieces_centipawn_black;unopposed_threats_centipawn_black;threats_centipawn_black;attackers_count_all;attacked_pieces_count_all;guards_count_all;guarded_pieces_count_all;attacked_guarded_pieces_count_all;unopposed_threats_count_all;threats_count_all;fork_count_all;pin_count_all;skewer_count_all;attacked_pieces_centipawn_all;guarded_pieces_centipawn_all;attacked_guarded_pieces_centipawn_all;unopposed_threats_centipawn_all;threats_centipawn_all;attack_defense_relation1;attack_defense_relation2;material;pawn_ending;rook_ending
1;1;True;e4;e2-e4;36;36;0.5625;20;c7c5;12;24;0;False;False;False;20;0.0;;0;0;;0;;0;h1, f1, e1, b1, c1, d1, e1, d1, c1, a1, h1, e1, d1, e1, d1, a1;16;b1, c1, d1, e1, f1, g1, a2, b2, c2, d2, f2, g2, h2;13;;0;;0;0;;0;0;0;;0;;0;h8, e8, d8, e8, d8, a8, h8, f8, e8, d8, e8, f8, g8, b8, c8, d8, e8, d8, c8, a8;20;a7, b7, c7, d7, e7, f7, g7, h7, b8, c8, d8, e8, f8, g8;14;;0;;0;0;;0;0;0;0;0;6800;2800;0;0;0;0;0;8300;2900;0;0;0;0;0;36;27;0;0;0;0;0;0;0;5700;0;0;0;0;-1600;0;False;False
1;2;False;c6;c7-c6;100;64;1.0;20;d2d4;62;38;1;False;False;False;30;0.0;;0;0;;0;;0;h1, f1, e1, b1, c1, d1, e1, d1, c1, a1, h1, e1, d1, e1, d1, a1;16;b1, c1, d1, e1, f1, g1, a2, b2, c2, d2, f2, g2, h2;13;;0;;0;0;;0;0;0;;0;;0;h8, e8, d8, e8, d8, a8, h8, f8, e8, d8, e8, f8, g8, b8, c8, d8, e8, c8, a8, b7, d7, b8;22;c6, a7, b7, d7, e7, f7, g7, h7, b8, c8, d8, e8, f8, g8;14;;0;;0;0;;0;0;0;0;0;6800;2800;0;0;0;0;0;7900;2900;0;0;0;0;0;38;27;0;0;0;0;0;0;0;5700;0;0;0;0;-1200;0;False;False
2;3;True;d4;d2-d4;38;62;0.96875;30;d7d5;44;6;0;False;False;False;21;0.0;;0;0;;0;;0;d1, h1, f1, e1, d1, c1, a1, h1, e1, d1, e1, d1, a1;13;b1, c1, d1, e1, f1, g1, a2, b2, c2, f2, g2, h2, d4;13;;0;;0;0;;0;0;0;;0;;0;h8, e8, d8, e8, d8, a8, h8, f8, e8, d8, e8, f8, g8, b8, c8, d8, e8, c8, a8, b7, d7, b8;22;c6, a7, b7, d7, e7, f7, g7, h7, b8, c8, d8, e8, f8, g8;14;;0;;0;0;;0;0;0;0;0;6200;2800;0;0;0;0;0;7900;2900;0;0;0;0;0;35;27;0;0;0;0;0;0;0;5700;0;0;0;0;-1800;0;False;False
2;4;False;d5;d7-d5;109;71;1.109375;21;e4e5;92;17;0;False;False;False;38;0.02631578947368421;d5;1;0;d5;1;e4;1;d1, h1, f1, e1, d1, c1, a1, h1, e1, d1, e1, d1, a1;13;b1, c1, d1, e1, f1, g1, a2, b2, c2, f2, g2, h2, d4;13;;0;e4;1;1;;0;0;0;e4;1;d5;1;h8, e8, d8, e8, d8, a8, h8, f8, e8, d8, e8, f8, g8, c8, a8, b7, b8, c6, d8;19;d5, c6, a7, b7, e7, f7, g7, h7, b8, c8, d8, e8, f8, g8;14;d5;1;;0;0;;0;0;0;100;100;6200;2800;0;100;100;100;100;7300;2900;100;0;0;2;2;32;27;1;1;1;0;0;0;200;5700;100;100;100;-1100;-1200;0;False;False
3;5;True;Nc3;Nb1-c3;50;59;0.921875;38;e7e6;66;16;1;False;False;False;29;0.0;e4;1;0;d5;1;e4;1;c3, d1, b2, h1, f1, e1, d1, c1, a1, c3, h1, e1, d1, e1, c3, a1, d1;17;c1, d1, e1, f1, g1, a2, b2, c2, f2, g2, h2, c3, d4, e4;14;e4;1;;0;0;;0;0;0;c3, e4;2;d5;1;h8, e8, d8, e8, d8, a8, h8, f8, e8, d8, e8, f8, g8, c8, a8, b7, b8, c6, d8;19;d5, c6, a7, b7, e7, f7, g7, h7, b8, c8, d8, e8, f8, g8;14;d5;1;;0;0;;0;0;0;100;100;7200;2900;100;0;0;400;100;7300;2900;100;0;0;3;2;36;28;2;0;0;0;0;0;200;5800;200;0;0;-400;200;0;False;False
3;6;False;dxe4;d5xe4;66;16;0.25;29;c3e4;105;39;1;False;True;False;39;0.02564102564102564;e4;1;0;d8;1;d4;1;d1, b2, h1, f1, e1, d1, c1, a1, c3, h1, e1, d1, e1, c3, a1, d1;16;c1, d1, e1, f1, g1, a2, b2, c2, f2, g2, h2, c3, d4;13;d4;1;;0;0;;0;0;0;c3;1;e4;1;h8, e8, d8, e8, d8, a8, h8, f8, e8, d8, e8, f8, g8, c8, a8, b7, b8;17;c6, a7, b7, e7, f7, g7, h7, b8, c8, d8, e8, f8, g8;13;;0;e4;1;1;;0;1;0;900;100;6900;2800;100;0;0;300;100;6300;2800;0;100;100;2;2;33;26;1;1;1;0;1;0;200;5600;100;100;-100;400;0;-100;False;False
4;7;True;Nxe4;Nc3xe4;60;6;0.09375;39;g8f6;58;2;0;False;True;False;30;0.03333333333333333;d4;1;0;d8;1;d4;1;d1, h1, f1, e1, e4, d1, c1, a1, h1, e1, d1, e1, a1, d1;14;c1, d1, e1, f1, g1, a2, b2, c2, f2, g2, h2, d4;12;d4;1;;0;0;;0;0;0;;0;;0;h8, e8, d8, e8, d8, a8, h8, f8, e8, d8, e8, f8, g8, c8, a8, b7, b8;17;c6, a7, b7, e7, f7, g7, h7, b8, c8, d8, e8, f8, g8;13;;0;;0;0;;0;1;0;900;100;6500;2500;100;0;0;0;0;6300;2800;0;0;0;1;1;31;25;1;0;0;0;1;0;100;5300;100;0;0;0;-1100;0;False;False
4;8;False;Nd7;Nb8-d7;156;96;1.5;30;c2c3;111;45;1;False;False;False;42;0.0;;0;0;;0;;0;d1, h1, f1, e1, e4, d1, c1, a1, h1, e1, d1, e1, a1, d1;14;c1, d1, e1, f1, g1, a2, b2, c2, f2, g2, h2, d4;12;;0;;0;0;;0;0;0;;0;;0;h8, d7, e8, d8, e8, a8, d8, h8, f8, e8, d8, e8, f8, g8, c8, d8, e8, c8, a8, b7;20;c6, a7, b7, d7, e7, f7, g7, h7, c8, d8, e8, f8, g8;13;;0;;0;0;;0;0;0;0;0;6500;2500;0;0;0;0;0;7500;2800;0;0;0;0;0;34;25;0;0;0;0;0;0;0;5300;0;0;0;0;-1300;0;False;False
5;9;True;Bc4;Bf1-c4;11;145;2.265625;42;g8f6;73;62;2;False;False;False;24;0.041666666666666664;;0;0;;0;;0;d1, h1, e1, e4, d1, c1, a1, c4, h1, d1, e1, a1, d1;13;c1, d1, e1, g1, a2, b2, c2, f2, h2, d4;10;;0;;0;0;;0;1;0;c4;1;f7;1;h8, d7, e8, d8, e8, a8, d8, h8, f8, e8, d8, e8, f8, g8, c8, d8, e8, c8, a8, b7;20;c6, a7, b7, d7, e7, f7, g7, h7, c8, d8, e8, f8, g8;13;f7;1;;0;0;;0;0;0;0;0;6500;2100;0;0;0;300;100;7500;2800;100;0;0;1;1;33;23;1;0;0;0;1;0;100;4900;100;0;0;300;-1300;0;False;False
5;10;False;Ngf6;Ng8-f6;82;71;1.109375;24;e4f6;88;6;0;False;False;False;46;0.021739130434782608;f6, f7;2;0;f6;1;e4;1;d1, h1, e1, e4, d1, c1, a1, c4, h1, d1, e1, a1, d1;13;c1, d1, e1, g1, a2, b2, c2, f2, h2, d4;10;;0;e4;1;1;;0;0;0;c4, e4;2;f6, f7;2;d7, e8, h8, f6, d8, e8, a8, d8, f6, h8, f8, e8, d8, e8, f8, f6, c8, d8, e8, c8, a8, d7, e7, g7, b7;25;c6, f6, a7, b7, d7, e7, f7, g7, h7, c8, d8, e8, f8;13;f7, f6;2;;0;0;;0;0;0;300;300;6500;2100;0;300;300;600;400;8600;2800;400;0;0;3;3;38;23;2;1;1;0;0;0;700;4900;400;300;300;-500;-2400;0;False;False
6;11;True;Ng5;Ne4-g5;-41;123;1.921875;46;e7e6;50;91;2;False;False;False;24;0.0;;0;0;;0;;0;c1, d1, h1, e1, d1, c1, a1, c4, h1, d1, e1, a1, d1;13;c1, d1, e1, g5, g1, a2, b2, c2, f2, h2, d4;11;;0;;0;0;;0;0;0;g5, c4, g5;3;f7, h7;2;d7, e8, h8, f6, d8, e8, a8, d8, f6, h8, f8, e8, d8, e8, f8, f6, c8, d8, e8, c8, a8, d7, e7, g7, b7;25;c6, f6, a7, b7, d7, e7, f7, g7, h7, c8, d8, e8, f8;13;h7, f7;2;;0;0;;0;0;0;0;0;6500;2400;0;0;0;900;200;8600;2800;200;0;0;3;2;38;24;2;0;0;0;0;0;200;5200;200;0;0;100;-1400;0;False;False
6;12;False;e6;e7-e6;29;70;1.09375;24;g1e2;22;7;0;False;False;False;42;0.0;h7, f7, e6, e6;4;0;;0;;0;c1, d1, h1, e1, d1, c1, a1, c4, h1, d1, e1, a1, d1;13;c1, d1, e1, g5, g1, a2, b2, c2, f2, h2, d4;11;;0;;0;0;;0;0;1;g5, g5, c4, g5;4;e6, f7, h7;3;d7, e8, h8, f6, d8, e8, a8, d8, f6, h8, f8, e8, f6, c8, d8, e8, c8, a8, d7, g7, d8, f7, b7;23;c6, e6, f6, a7, b7, d7, f7, g7, h7, c8, d8, e8, f8;13;h7, f7, e6;3;;0;0;;0;0;0;0;0;6500;2400;0;0;0;1200;300;8300;2800;300;0;0;4;3;36;24;3;0;0;0;0;1;300;5200;300;0;0;300;-700;0;False;False
7;13;True;Qe2;Qd1-e2;-41;70;1.09375;42;d7b6;21;62;2;False;False;False;30;0.0;;0;0;;0;;0;c1, e2, h1, e1, e2, e1, g1, c4, e2, c1, a1, c4, h1, e2, a1;15;c1, e1, g5, g1, a2, b2, c2, e2, f2, h2, c4;11;;0;;0;0;;0;1;1;g5, g5, e2, c4, g5;5;e6, f7, h7;3;d7, e8, h8, f6, d8, e8, a8, d8, f6, h8, f8, e8, f6, c8, d8, e8, c8, a8, d7, g7, d8, f7, b7;23;c6, e6, f6, a7, b7, d7, f7, g7, h7, c8, d8, e8, f8;13;h7, f7, e6;3;;0;0;;0;0;0;0;0;7100;2600;0;0;0;2100;300;8300;2800;300;0;0;5;3;38;24;3;0;0;0;1;1;300;5400;300;0;0;1200;1000;0;False;False
7;14;False;Nb6;Nd7-b6;-22;19;0.296875;30;c4b3;11;33;0;False;False;False;44;0.045454545454545456;h7, f7, e6, e6, e6;5;0;d8, b6;2;c4, d4;2;c1, e2, h1, e1, e2, e1, g1, c4, e2, c1, a1, c4, h1, e2, a1;15;c1, e1, g5, g1, a2, b2, c2, e2, f2, h2, c4;11;c4;1;d4;1;1;;0;1;1;g5, g5, e2, c4, g5;5;e6, f7, h7;3;e8, h8, f6, d8, e8, b6, a8, d8, b6, f6, h8, f8, e8, c8, a8, g7, d8, f7, c8, b7, a7, d8;22;b6, c6, e6, f6, a7, b7, f7, g7, h7, a8, c8, d8, e8, f8;14;h7, f7, e6;3;;0;0;;0;0;0;1200;400;7100;2600;300;100;100;2100;300;8100;3300;300;0;0;7;5;37;25;4;1;1;0;1;1;700;5900;600;100;100;500;-900;0;False;False
8;15;True;Bd3;Bc4-d3;-14;8;0.125;44;h7h6;-47;33;1;False;False;False;33;0.030303030303030304;d4;1;0;d8;1;d4;1;c1, c2, e2, h1, e1, e2, e1, g1, d3, e2, d3, c1, a1, h1, e2, a1;16;c1, e1, g5, g1, a2, b2, c2, e2, f2, h2, d3;11;;0;d4;1;1;;0;1;0;d3, g5, g5, e2, g5;5;e6, f7, h7;3;e8, h8, f6, d8, e8, b6, a8, d8, b6, f6, h8, f8, e8, c8, a8, g7, d8, f7, c8, b7, a7, d8;22;b6, c6, e6, f6, a7, b7, f7, g7, h7, a8, c8, d8, e8, f8;14;h7, f7, e6;3;;0;0;;0;1;0;900;100;7200;2600;0;100;100;2100;300;8100;3300;300;0;0;6;4;38;25;3;1;1;0;2;0;400;5900;300;100;100;-100;-200;0;False;False
8;16;False;h6;h7-h6;106;120;1.875;33;g5f7;77;29;0;False;False;False;45;0.0;f7, e6, e6;3;0;h6, d8;2;d4, g5;2;c1, c2, e2, h1, e1, e2, e1, g1, d3, e2, d3, c1, a1, h1, e2, a1;16;c1, e1, g5, g1, a2, b2, c2, e2, f2, h2, d3;11;g5;1;d4;1;2;;0;1;0;g5, e2, g5;3;e6, f7;2;e8, h8, f6, d8, e8, b6, a8, d8, b6, f8, e8, c8, a8, g7, h8, g7, d8, f7, c8, b7, a7, d8;22;b6, c6, e6, f6, h6, a7, b7, f7, g7, a8, c8, d8, e8, f8;14;f7, e6;2;;0;0;;0;1;0;1000;400;7200;2600;300;100;0;1500;200;7900;3300;200;0;0;5;4;38;25;3;1;2;0;2;0;600;5900;500;100;0;300;-1100;0;False;False
9;17;True;N5f3;Ng5-f3;12;94;1.46875;45;c6c5;12;0;1;False;False;False;35;0.0;d4;1;0;d8;1;d4;1;f3, g1, e2, g2, c2, e2, h1, f3, e1, e2, e1, g1, d3, e2, d3, c1, a1, h1, f3, e2, f3, a1;22;c1, e1, g1, a2, b2, c2, e2, f2, h2, d3, f3, d4;12;d4;1;;0;0;;0;1;0;c1, e2;2;e6, h6;2;e8, h8, f6, d8, e8, b6, a8, d8, b6, f8, e8, c8, a8, g7, h8, g7, d8, f7, c8, b7, a7, d8;22;b6, c6, e6, f6, h6, a7, b7, f7, g7, a8, c8, d8, e8, f8;14;h6, e6;2;;0;0;;0;1;0;900;100;9400;2700;100;0;0;1200;200;7900;3300;200;0;0;3;3;44;26;3;0;0;0;2;0;300;6000;300;0;0;-400;1300;0;False;False
9;18;False;c5;c6-c5;45;33;0.515625;35;d4c5;56;11;0;False;False;False;40;0.0;e6, h6, c5;3;0;c5, d8;2;d4;1;f3, g1, e2, g2, c2, e2, h1, f3, e1, e2, e1, g1, d3, e2, d3, c1, a1, h1, f3, e2, f3, a1;22;c1, e1, g1, a2, b2, c2, e2, f2, h2, d3, f3, d4;12;d4;1;;0;0;;0;1;0;c1, e2, d4;3;c5, e6, h6;3;e8, h8, f6, d8, e8, b6, a8, d8, b6, f8, e8, c8, a8, g7, h8, g7, d8, f7, c8, a7, d8, f8;22;c5, b6, e6, f6, h6, a7, b7, f7, g7, a8, c8, d8, e8, f8;14;h6, e6, c5;3;;0;0;;0;1;0;1000;100;9400;2700;100;0;0;1300;300;8100;3300;300;0;0;5;4;44;26;4;0;0;0;2;0;400;6000;400;0;0;-700;1200;0;False;False
10;19;True;dxc5;d4xc5;-31;76;1.1875;40;b6d7;-31;0;0;False;True;False;33;0.0;c5, d3;2;0;f8, d8;2;c5, d3;2;g1, e2, g2, c2, e2, h1, f3, e1, e2, e1, g1, d3, e2, d3, c1, a1, h1, f3, e2, f3, a1;21;c1, e1, g1, a2, b2, c2, e2, f2, h2, d3, f3;11;d3;1;c5;1;1;;0;1;0;c1, e2, c5;3;b6, e6, h6;3;e8, h8, f6, d8, e8, b6, a8, d8, b6, f8, e8, c8, a8, g7, h8, g7, d8, f7, c8, a7, d8;21;b6, e6, f6, h6, a7, b7, f7, g7, a8, c8, d8, e8, f8;13;h6, e6, b6;3;;0;1;;0;0;0;1200;400;9100;2600;300;100;100;1300;500;7800;3200;500;0;-100;5;5;42;24;4;1;2;0;1;0;900;5800;800;100;200;-1000;900;100;False;False
10;20;False;Bxc5;Bf8xc5;45;76;1.1875;33;f3e5;31;14;1;False;True;False;39;0.02564102564102564;e6, h6;2;0;d8, c5;2;d3, f2;2;g1, e2, g2, c2, e2, h1, f3, e1, e2, e1, g1, d3, e2, d3, c1, a1, h1, f3, e2, f3, a1;21;c1, e1, g1, a2, b2, c2, e2, f2, h2, d3, f3;11;d3, f2;2;;0;0;;0;1;0;c1, e2;2;e6, h6;2;f6, d8, h8, e8, b6, a8, d8, b6, e8, c8, a8, g7, h8, g7, d8, f7, c8, c5, a7, d8;20;b6, e6, f6, h6, a7, b7, f7, a8, c8, d8, e8;11;h6, e6;2;;0;0;;0;1;0;1200;400;9100;2600;400;0;0;1200;200;7800;2800;200;0;0;4;4;41;22;4;0;0;0;2;0;600;5400;600;0;0;900;900;0;False;False
11;21;True;Ne5;Nf3-e5;51;6;0.09375;39;d8c7;35;16;0;False;False;False;39;0.0;d3, f2;2;0;d8, c5;2;d3, f2;2;e2, c2, e2, e5, h1, e1, e2, e1, g1, d3, e2, d3, c1, a1, h1, e2, a1;17;c1, e5, e1, g1, a2, b2, c2, e2, f2, h2, d3;11;d3, f2;2;;0;0;;0;0;0;e5, c1;2;f7, h6;2;f6, d8, h8, e8, b6, a8, d8, b6, e8, c8, a8, g7, h8, g7, d8, f7, c8, c5, a7, d8;20;b6, e6, f6, h6, a7, b7, f7, a8, c8, d8, e8;11;f7, h6;2;;0;0;;0;1;0;1200;400;8100;2600;400;0;0;600;200;7800;2800;200;0;0;4;4;37;22;4;0;0;0;1;0;600;5400;600;0;0;1000;-700;0;False;False
11;22;False;Nbd7;Nb6-d7;117;66;1.03125;39;g1f3;80;37;1;False;False;False;45;0.0;f7, d7, h6;3;0;d7, c5;2;e5, f2;2;e2, c2, e2, e5, h1, e1, e2, e1, g1, d3, e2, d3, c1, a1, h1, e2, a1;17;c1, e5, e1, g1, a2, b2, c2, e2, f2, h2, d3;11;e5, f2;2;;0;0;;0;0;0;e5, e5, c1;3;d7, f7, h6;3;f6, d8, h8, e8, a8, d8, e8, f6, c8, d8, e8, c8, c5, a8, g7, h8, d7, g7, d8, f7, d7;21;c5, e6, f6, h6, a7, b7, d7, f7, c8, d8, e8;11;f7, d7, h6;3;;0;0;;0;1;0;600;400;8100;2600;400;0;0;900;500;8000;2600;500;0;0;5;5;38;22;5;0;0;0;1;0;900;5200;900;0;0;0;500;0;False;False
12;23;True;Ngf3;Ng1-f3;37;80;1.25;45;e8g8;54;17;0;False;False;False;37;0.0;e5, f2;2;0;d7, c5;2;e5, f2;2;e2, f3, e2, g2, e5, c2, e2, e5, h1, f3, e1, e2, e1, d3, e2, d3, c1, a1, h1, e2, f3, a1;22;c1, e5, e1, a2, b2, c2, e2, f2, h2, d3, f3;11;e5, f2;2;;0;0;;0;0;0;e5, e5, c1;3;d7, f7, h6;3;f6, d8, h8, e8, a8, d8, e8, f6, c8, d8, e8, c8, c5, a8, g7, h8, d7, g7, d8, f7, d7;21;c5, e6, f6, h6, a7, b7, d7, f7, c8, d8, e8;11;f7, d7, h6;3;;0;0;;0;0;0;600;400;10000;2600;400;0;0;900;500;8000;2600;500;0;0;5;5;43;22;5;0;0;0;0;0;900;5200;900;0;0;300;2400;0;False;False
12;24;False;Nxe5;Nd7xe5;125;88;1.375;37;f3e5;126;1;1;False;True;False;41;0.0;e5, e5, h6;3;0;e5, e5, d8, c5;4;f2, d3, f3;3;e2, g2, c2, e2, h1, f3, e1, e2, e1, d3, e2, d3, c1, a1, h1, e2, f3, a1;18;c1, e1, a2, b2, c2, e2, f2, h2, d3, f3;10;f3, d3, f2;3;;0;0;;0;0;1;c1, e2, f3;3;e5, h6;2;f6, d8, h8, e8, a8, d8, e5, e8, c8, c5, a8, g7, h8, g7, d8, f7, c8;17;e6, f6, h6, a7, b7, f7, c8, d8, e8;9;h6;1;e5;1;2;;0;0;0;1800;700;8200;2300;700;0;0;1500;400;6500;2000;100;300;600;7;5;35;19;4;1;2;0;0;1;1100;4300;800;300;-600;2300;1400;-300;False;False
13;25;True;Nxe5;Nf3xe5;56;69;1.078125;41;e8g8;55;1;0;False;True;False;40;0.025;d3, f2;2;0;d8, c5;2;d3, f2;2;e2, c2, e2, e5, h1, e1, e2, e1, d3, e2, d3, c1, a1, h1, e2, a1;16;c1, e5, e1, a2, b2, c2, e2, f2, h2, d3;10;d3, f2;2;;0;0;;0;0;0;e5, c1;2;f7, h6;2;f6, d8, h8, e8, a8, d8, e8, c8, c5, a8, g7, h8, g7, d8, f7, c8;16;e6, f6, h6, a7, b7, f7, c8, d8, e8;9;f7, h6;2;;0;0;;0;0;0;1200;400;7800;2300;400;0;0;600;200;6200;2000;200;0;0;4;4;32;19;4;0;0;0;0;0;600;4300;600;0;0;1000;1100;0;False;False
13;26;False;O-O;O-O;107;51;0.796875;40;e1g1;87;20;0;False;False;True;46;0.0;f7, h6;2;0;d8, c5;2;d3, f2;2;e2, c2, e2, e5, h1, e1, e2, e1, d3, e2, d3, c1, a1, h1, e2, a1;16;c1, e5, e1, a2, b2, c2, e2, f2, h2, d3;10;d3, f2;2;;0;0;;0;0;0;e5, c1;2;f7, h6;2;f6, f8, c5, d8, g8, f8, a8, d8, g8, f8, g8, c8, c5, a8, g7, g7, d8, f7, c8;19;e6, f6, h6, a7, b7, f7, g7, c8, d8, f8, g8;11;f7, h6;2;;0;0;;0;0;0;1200;400;7800;2300;400;0;0;600;200;7000;2600;200;0;0;4;4;35;21;4;0;0;0;0;0;600;4900;600;0;0;1000;-300;0;False;False
14;27;True;O-O;O-O;53;54;0.84375;46;b7b6;41;12;0;False;False;True;36;0.027777777777777776;d3, f2;2;0;d8, c5;2;d3, f2;2;e2, c2, e2, e5, g1, g1, f1, g1, e2, d3, e2, d3, c1, a1, f1, g1, e2, a1, f1;19;c1, e5, f1, g1, a2, b2, c2, e2, f2, g2, h2, d3;12;d3, f2;2;;0;0;;0;0;0;e5, c1;2;f7, h6;2;f6, f8, c5, d8, g8, f8, a8, d8, g8, f8, g8, c8, c5, a8, g7, g7, d8, f7, c8;19;e6, f6, h6, a7, b7, f7, g7, c8, d8, f8, g8;11;f7, h6;2;;0;0;;0;1;0;1200;400;8300;2900;400;0;0;600;200;7000;2600;200;0;0;4;4;38;23;4;0;0;0;1;0;600;5500;600;0;0;1500;800;0;False;False
14;28;False;b6;b7-b6;55;2;0.03125;36;f1d1;74;19;0;False;False;False;41;0.04878048780487805;f7, h6;2;0;d8, c5;2;d3, f2;2;e2, c2, e2, e5, g1, g1, f1, g1, e2, d3, e2, d3, c1, a1, f1, g1, e2, a1, f1;19;c1, e5, f1, g1, a2, b2, c2, e2, f2, g2, h2, d3;12;d3, f2;2;;0;0;;0;0;0;e5, c1;2;f7, h6;2;f6, f8, c5, d8, g8, f8, a8, d8, g8, f8, g8, a8, g7, g7, d8, f7, c8, c5, a7, d8, b6;21;c5, b6, e6, f6, h6, a7, f7, g7, c8, d8, f8, g8;12;f7, h6;2;;0;0;;0;1;0;1200;400;8300;2900;400;0;0;600;200;7800;2900;200;0;0;4;4;40;24;4;0;0;0;1;0;600;5800;600;0;0;1500;-300;0;False;False
15;29;True;Rd1;Rf1-d1;16;39;0.609375;41;d8c7;25;9;0;False;False;False;34;0.0;d3, f2;2;0;d8, c5;2;d3, f2;2;e2, d1, c2, e2, e5, g1, g1, g1, e2, d3, e2, d3, c1, a1, d1, e2, a1, d1;18;c1, d1, e5, g1, a2, b2, c2, e2, f2, g2, h2, d3;12;d3, f2;2;;0;0;;0;0;0;e5, c1;2;f7, h6;2;f6, f8, c5, d8, g8, f8, a8, d8, g8, f8, g8, a8, g7, g7, d8, f7, c8, c5, a7, d8, b6;21;c5, b6, e6, f6, h6, a7, f7, g7, c8, d8, f8, g8;12;f7, h6;2;;0;0;;0;2;0;1200;400;8300;2900;400;0;0;600;200;7800;2900;200;0;0;4;4;39;24;4;0;0;0;2;0;600;5800;600;0;0;1500;-300;0;False;False
15;30;False;Qe7;Qd8-e7;65;49;0.765625;34;a2a4;56;9;1;False;False;False;43;0.0;f7, h6;2;0;c5;1;f2;1;e2, d1, c2, e2, e5, g1, g1, g1, e2, d3, e2, d3, c1, a1, d1, e2, a1, d1;18;c1, d1, e5, g1, a2, b2, c2, e2, f2, g2, h2, d3;12;f2;1;;0;0;;0;0;0;e5, c1;2;f7, h6;2;f6, f8, e7, g8, a8, f8, g8, e7, f8, g8, c5, e7, a8, g7, e7, g7, e7, f7, c8, c5, a7, b6, e7;23;c5, b6, e6, f6, h6, a7, e7, f7, g7, c8, f8, g8;12;f7, h6;2;;0;0;;0;1;0;300;100;8300;2900;100;0;0;600;200;9600;2900;200;0;0;3;3;41;24;3;0;0;0;1;0;300;5800;300;0;0;-300;-900;0;False;False
16;31;True;b4;b2-b4;-65;130;2.03125;43;c5d6;9;74;2;False;False;False;31;0.0;b4, f2;2;0;c5, c5;2;b4, f2;2;e2, d1, c2, e2, e5, g1, g1, g1, e2, d3, e2, d3, a1, d1, e2, a1, d1;17;c1, d1, e5, g1, a2, c2, e2, f2, g2, h2, d3;11;f2;1;b4;1;1;;0;0;0;e5, c1, b4;3;c5, f7, h6;3;f6, f8, e7, g8, a8, f8, g8, e7, f8, g8, c5, e7, a8, g7, e7, g7, e7, f7, c8, c5, a7, b6, e7;23;c5, b6, e6, f6, h6, a7, e7, f7, g7, c8, f8, g8;12;f7, h6, c5;3;;0;1;;0;1;0;600;200;8000;2800;100;100;100;700;500;9600;2900;500;0;-100;5;5;40;23;4;1;2;0;1;0;700;5700;600;100;200;-1600;-1300;0;False;False
16;32;False;Bd6;Bc5-d6;45;110;1.71875;31;b4b5;26;19;0;False;False;False;46;0.0;f7, h6;2;0;d6, d6;2;b4, e5;2;e2, d1, c2, e2, e5, g1, g1, g1, e2, d3, e2, d3, a1, d1, e2, a1, d1;17;c1, d1, e5, g1, a2, c2, e2, f2, g2, h2, d3;11;e5;1;b4;1;1;;0;0;0;e5, c1;2;f7, h6;2;f6, f8, e7, g8, a8, f8, g8, e7, f8, g8, d6, e7, a8, g7, e7, g7, e7, f7, c8, e7, a7;21;b6, d6, e6, f6, h6, a7, e7, f7, g7, c8, f8, g8;12;f7, h6;2;;0;0;;0;0;1;600;400;8000;2800;300;100;100;600;200;9200;2900;200;0;0;4;4;38;23;3;1;1;0;0;1;600;5700;500;100;100;-700;-1500;0;False;False
17;33;True;Nc6;Ne5-c6;-42;87;1.359375;46;e7c7;11;53;2;False;False;False;34;0.029411764705882353;b4, h2;2;0;d6, d6;2;b4, h2;2;c6, d1, c2, e2, g1, g1, g1, e2, d3, e2, d3, a1, d1, e2, a1, d1;16;c1, d1, g1, a2, c2, e2, f2, g2, h2, d3, b4;11;b4, h2;2;;0;0;;0;1;0;c6, c6, c1, e2;4;a7, e7, e6, h6;4;f6, f8, e7, g8, a8, f8, g8, e7, f8, g8, d6, e7, a8, g7, e7, g7, e7, f7, c8, e7, a7;21;b6, d6, e6, f6, h6, a7, e7, f7, g7, c8, f8, g8;12;e7, a7, h6, e6;4;;0;1;;0;0;0;600;200;7100;2600;200;0;0;1800;1200;9200;2900;1200;0;-300;6;6;37;23;6;0;1;0;1;0;1400;5500;1400;0;300;-1600;-200;0;False;False
17;34;False;Qc7;Qe7-c7;31;73;1.140625;34;b4b5;32;1;0;False;False;False;48;0.0;a7, e6, h6;3;0;c7, d6, d6;3;b4, c6, h2;3;c6, d1, c2, e2, g1, g1, g1, e2, d3, e2, d3, a1, d1, e2, a1, d1;16;c1, d1, g1, a2, c2, e2, f2, g2, h2, d3, b4;11;b4, h2;2;c6;1;1;;0;0;0;c6, c1, e2;3;a7, e6, h6;3;f6, f8, d6, g8, c7, a8, f8, g8, c7, f8, g8, d6, c7, a8, g7, g7, f7, c8, c7, a7, c7;21;b6, d6, e6, f6, h6, a7, c7, f7, g7, c8, f8, g8;12;a7, h6, e6;3;;0;0;;0;0;1;1500;500;7100;2600;200;300;300;1500;300;8600;2900;300;0;0;6;6;37;23;5;1;1;0;0;1;800;5500;500;300;300;-1900;-2000;0;False;False
18;35;True;b5;b4-b5;-14;45;0.703125;48;d6h2;47;61;2;False;False;False;34;0.11764705882352941;c6, h2;2;0;c7, d6;2;c6, h2;2;b5, d3, d1, c2, e2, g1, g1, g1, e2, d3, e2, d3, a1, d1, e2, a1, d1;17;b5, c1, d1, g1, a2, c6, c2, e2, f2, g2, h2, d3;12;c6, h2;2;;0;0;;0;0;0;c6, c1, e2;3;a7, e6, h6;3;f6, f8, d6, g8, c7, a8, f8, g8, c7, f8, g8, d6, c7, a8, g7, g7, f7, c8, c7, a7, c7;21;b6, d6, e6, f6, h6, a7, c7, f7, g7, c8, f8, g8;12;a7, h6, e6;3;;0;0;;0;0;1;1200;400;7200;2900;400;0;0;1500;300;8600;2900;300;0;0;5;5;38;24;5;0;0;0;0;1;700;5800;700;0;0;-1500;-1200;0;False;False
18;36;False;Nd5;Nf6-d5;-11;3;0.046875;34;e2h5;8;19;1;False;False;False;46;0.043478260869565216;a7, e6, h6;3;0;c7, d6;2;c6, h2;2;b5, d3, d1, c2, e2, g1, g1, g1, e2, d3, e2, d3, a1, d1, e2, a1, d1;17;b5, c1, d1, g1, a2, c6, c2, e2, f2, g2, h2, d3;12;c6, h2;2;;0;0;;0;0;0;c6, c1, e2;3;a7, e6, h6;3;f8, d6, g8, c7, a8, f8, g8, c7, f8, g8, d5, d6, c7, a8, g7, f7, c8, c7, d5, a7, c7, e6;22;d5, b6, d6, e6, h6, a7, c7, f7, g7, c8, f8, g8;12;a7, h6, e6;3;;0;0;;0;0;1;1200;400;7200;2900;400;0;0;1500;300;8900;2900;300;0;0;5;5;39;24;5;0;0;0;0;1;700;5800;700;0;0;-1500;-1500;0;False;False
19;37;True;Bb2;Bc1-b2;-20;9;0.140625;46;d6h2;-74;54;2;False;False;False;35;0.0;c6, h2;2;0;c7, d6;2;c6, h2;2;b5, d3, d1, c2, e2, g1, g1, g1, e2, d3, e2, d3, a1, d1, a1, e2, d1, b2;18;a1, b5, d1, g1, a2, c6, c2, e2, f2, g2, h2, d3;12;c6, h2;2;;0;0;;0;0;0;b2, c6, e2;3;a7, e6, g7;3;f8, d6, g8, c7, a8, f8, g8, c7, f8, g8, d5, d6, c7, a8, g7, f7, c8, c7, d5, a7, c7, e6;22;d5, b6, d6, e6, h6, a7, c7, f7, g7, c8, f8, g8;12;g7, a7, e6;3;;0;0;;0;0;1;1200;400;7500;3100;400;0;0;1500;300;8900;2900;300;0;0;5;5;40;24;5;0;0;0;0;1;700;6000;700;0;0;-1400;-1000;0;False;False
19;38;False;Bxh2+;Bd6xh2+;2;22;0.34375;35;g1f1;69;67;2;True;True;False;2;1.0;;0;-200;c7, h2;2;c6, g1;2;b5, d3, d1, c2, e2, g1, g1, e2, d3, e2, d3, a1, d1, a1, e2, d1, b2;17;a1, b5, d1, g1, a2, c6, c2, e2, f2, g2, d3;11;c6, g1;2;;0;1;;0;0;0;b2, c6, e2, g1;4;a7, e6, g7, h2;4;f8, g8, c7, a8, f8, g8, c7, f8, g8, h2, d5, c7, a8, g7, f7, c8, d5, a7, c7, e6, c7;21;d5, b6, e6, h6, a7, h2, c7, f7, g7, c8, f8, g8;12;g7, a7, e6, h2;4;;0;0;;0;0;1;1200;300;7500;3000;300;0;-300;1500;600;8600;2900;600;0;0;6;6;38;23;6;0;1;0;0;1;900;5900;900;0;-300;-1800;-400;-100;False;False
20;39;True;Kh1;Kg1-h1;135;133;2.078125;2;h2d6;-11;146;3;False;False;False;36;0.1111111111111111;c6;1;0;c7;1;c6;1;b5, d3, d1, c2, e2, h1, e2, d3, e2, d3, a1, d1, a1, e2, d1, b2;16;a1, b5, d1, h1, a2, c6, c2, e2, f2, g2, d3;11;c6;1;;0;0;;0;0;0;b2, c6, e2, h1;4;a7, e6, g7, h2;4;f8, g8, c7, a8, f8, g8, c7, f8, g8, h2, d5, c7, a8, g7, f7, c8, d5, a7, c7, e6, c7;21;d5, b6, e6, h6, a7, h2, c7, f7, g7, c8, f8, g8;12;g7, a7, e6, h2;4;;0;0;;0;0;1;900;300;7500;3000;300;0;0;1500;600;8600;2900;600;0;0;5;5;37;23;5;0;0;0;0;1;900;5900;900;0;0;-2000;-100;-100;False;False
20;40;False;Bd6;Bh2-d6;131;4;0.0625;36;d3e4;75;56;2;False;False;False;47;0.0;a7, e6, g7;3;0;c7;1;c6;1;b5, d3, d1, c2, e2, h1, e2, d3, e2, d3, a1, d1, a1, e2, d1, b2;16;a1, b5, d1, h1, a2, c6, c2, e2, f2, g2, d3;11;c6;1;;0;0;;0;0;0;b2, c6, e2;3;a7, e6, g7;3;f8, d6, g8, c7, a8, f8, g8, c7, f8, g8, d5, d6, c7, a8, g7, f7, c8, c7, d5, a7, c7, e6;22;d5, b6, d6, e6, h6, a7, c7, f7, g7, c8, f8, g8;12;g7, a7, e6;3;;0;0;;0;0;1;900;300;7500;3000;300;0;0;1500;300;8900;2900;300;0;0;4;4;38;23;4;0;0;0;0;1;600;5900;600;0;0;-1100;-700;-100;False;False
21;41;True;Be4;Bd3-e4;46;85;1.328125;47;f7f6;61;15;0;False;False;False;35;0.05714285714285714;c6;1;0;c7;1;c6;1;b5, e2, e2, h1, e4, e2, e2, e4, a1, d1, a1, e2, d1, b2;14;a1, b5, d1, h1, a2, c6, c2, f2, g2, e4;10;c6;1;;0;0;;0;0;1;b2, c6, d1, e4;4;a7, d5, g7;3;f8, d6, g8, c7, a8, f8, g8, c7, f8, g8, d5, d6, c7, a8, g7, f7, c8, c7, d5, a7, c7, e6;22;d5, b6, d6, e6, h6, a7, c7, f7, g7, c8, f8, g8;12;g7, a7, d5;3;;0;0;;0;0;1;900;300;7500;2100;300;0;0;1400;500;8900;2900;500;0;0;5;4;36;22;4;0;0;0;0;2;800;5000;800;0;0;-900;-1500;-100;False;False
21;42;False;Bb7;Bc8-b7;35;11;0.171875;35;e4d5;116;81;2;False;False;False;50;0.0;a7, d5, g7, d5;4;0;b7, c7;2;c6;1;b5, e2, e2, h1, e4, e2, e2, e4, a1, d1, a1, e2, d1, b2;14;a1, b5, d1, h1, a2, c6, c2, f2, g2, e4;10;c6;1;;0;0;;0;0;1;b2, c6, d1, e4;4;a7, d5, g7;3;f8, d6, a8, g8, b7, f8, g8, c7, f8, g8, d5, d6, c7, a8, g7, f7, c7, d5, a7, c7, e6;21;d5, b6, d6, e6, h6, a7, b7, c7, f7, g7, a8, f8, g8;13;g7, a7, d5;3;;0;0;;0;0;1;1200;300;7500;2100;300;0;0;1400;500;8000;3400;500;0;0;6;4;35;23;4;0;0;0;0;2;800;5500;800;0;0;-300;-1400;-100;False;False
22;43;True;Bxd5;Be4xd5;11;24;0.375;50;e6d5;-10;21;0;False;True;False;36;0.0;c6, c6, d5;3;0;b7, c7, e6;3;c6, d5;2;b5, d5, d1, e2, h1, d5, e2, e2, a1, d5, d1, a1, e2, d1, b2;15;a1, b5, d5, d1, h1, a2, c6, c2, f2, g2;10;c6, d5;2;;0;1;;0;0;1;b2, c6, e2, d5;4;a7, e6, g7;3;f8, d6, a8, g8, b7, f8, g8, c7, f8, g8, d6, c7, a8, g7, f7, c7, a7, c7;18;b6, d6, e6, h6, a7, b7, c7, f7, g7, a8, f8, g8;12;g7, a7, e6;3;;0;0;;0;0;2;1300;600;7400;2100;600;0;-100;1800;300;7300;3100;300;0;0;7;5;33;22;5;0;1;0;0;3;900;5200;900;0;-100;800;-700;200;False;False
22;44;False;exd5;e6xd5;75;64;1.0;36;e2g4;64;11;0;False;True;False;49;0.0;a7, g7, d5;3;200;b7, c7;2;c6;1;b5, e2, h1, e2, e2, a1, d1, a1, e2, d1, b2;11;a1, b5, d1, h1, a2, c6, c2, f2, g2;9;c6;1;;0;0;;0;1;0;b2, c6, d1;3;a7, d5, g7;3;f8, d6, a8, g8, b7, f8, g8, c7, f8, g8, d6, c7, a8, g7, c7, a7, c7;17;b6, d6, h6, a7, b7, c7, f7, g7, a8, f8, g8;11;g7, a7;2;d5;1;1;;0;0;1;1200;300;6000;1800;300;0;0;1100;300;7200;3000;200;100;100;5;4;28;20;3;1;1;0;1;1;600;4800;500;100;-100;-400;-2500;-100;False;False
23;45;True;Qg4;Qe2-g4;53;22;0.34375;49;f7f5;6;47;0;False;False;False;35;0.02857142857142857;c6, c6;2;0;b7, c7;2;c6;1;b5, h1, g4, a1, d1, a1, g4, d1, b2;9;a1, d1, h1, a2, c6, g2;6;c6;1;;0;0;;0;2;0;b2, g4, c6, d1;4;a7, d5, g7;3;f8, d6, a8, g8, b7, f8, g8, c7, f8, g8, d6, c7, a8, g7, c7, a7, c7;17;b6, d6, h6, a7, b7, c7, f7, g7, a8, f8, g8;11;g7, a7;2;d5;1;1;;0;0;1;1200;300;4200;1500;300;0;0;2000;300;7200;3000;200;100;100;6;4;26;17;3;1;1;0;2;1;600;4500;500;100;-100;500;-3700;-100;False;False
23;46;False;f6;f7-f6;37;16;0.25;35;d1d5;36;1;1;False;False;False;52;0.019230769230769232;a7, g7, f6, d5;4;0;b7, c7;2;c6;1;b5, h1, g4, a1, d1, a1, g4, d1, b2;9;a1, d1, h1, a2, c6, g2;6;c6;1;;0;0;;0;2;1;g4, c6, b2, d1;4;a7, d5, f6, g7;4;f8, d6, a8, g8, b7, f8, c7, g8, d6, c7, a8, g7, g7, f8, c7, a7, c7;17;b6, d6, f6, h6, a7, b7, c7, g7, a8, f8, g8;11;g7, a7, f6;3;d5;1;1;;0;0;1;1200;300;4200;1500;300;0;0;2000;400;7300;3000;300;100;100;6;5;26;17;4;1;1;0;2;2;700;4500;600;100;-100;-1000;-3700;-100;False;False
24;47;True;Qe6+;Qg4-e6+;-51;88;1.375;52;g8h8;45;96;2;True;False;False;4;0.25;;0;0;b7, c7;2;c6;1;b5, h1, a1, d1, a1, d1, b2;7;a1, d1, h1, a2, c6, g2;6;c6;1;;0;0;e6;1;1;2;e6, c6, b2, e6, e6, d1, e6;7;d5, d6, f6, a7, g8;5;f8, d6, a8, g8, b7, f8, c7, g8, d6, c7, a8, g7, g7, f8, c7, a7, c7;17;b6, d6, f6, h6, a7, b7, c7, g7, a8, f8, g8;11;g8, a7, f6, d6;4;d5;1;3;;0;0;1;1200;300;2400;1500;300;0;0;4700;600;7300;3000;500;100;-700;9;6;24;17;5;1;3;1;1;3;900;4500;800;100;700;1200;-2600;-100;False;False
24;48;False;Kh8;Kg8-h8;-45;6;0.09375;4;e6d5;-58;13;0;False;False;False;51;0.0392156862745098;f6, d6, d5, a7, f6, d5;6;0;b7, c7;2;c6;1;b5, h1, a1, d1, a1, d1, b2;7;a1, d1, h1, a2, c6, g2;6;c6;1;;0;0;;0;1;2;c6, b2, e6, e6, d1, e6;6;a7, d5, d6, f6;4;f8, d6, a8, b7, f8, c7, h8, d6, c7, a8, g7, g7, f8, c7, a7, c7;16;b6, d6, f6, h6, a7, b7, c7, g7, a8, f8, h8;11;a7, f6, d6;3;d5;1;2;;0;0;1;1200;300;2400;1500;300;0;0;3800;600;7300;3000;500;100;200;8;5;23;17;4;1;2;0;1;3;900;4500;800;100;-200;800;-3500;-100;False;False
25;49;True;Rxd5;Rd1xd5;-53;8;0.125;51;a8d8;-67;14;1;False;True;False;35;0.0;c6, c6;2;100;b7, c7;2;c6;1;b5, e6, d5, h1, a1, a1, b2;7;a1, b5, d5, h1, a2, c6, g2;7;c6;1;;0;0;;0;0;2;c6, b2, e6, d5, e6;5;a7, d6, f6;3;f8, d6, a8, b7, f8, c7, h8, d6, c7, a8, g7, g7, f8, c7, a7, c7;16;b6, d6, f6, h6, a7, b7, c7, g7, a8, f8, h8;11;a7, f6, d6;3;;0;0;;0;1;1;1200;300;2800;1600;300;0;0;2900;500;7300;3000;500;0;0;7;4;23;18;4;0;0;0;1;3;800;4600;800;0;0;-200;-4000;0;False;False
25;50;False;Bxc6;Bb7xc6;94;147;2.296875;35;b5c6;79;15;1;False;True;False;48;0.0;f6, d6, d6, f6, c6;5;0;c6, c6;2;b5, d5;2;e6, d5, h1, a1, a1, b2;6;a1, b5, d5, h1, a2, g2;6;d5, b5;2;;0;1;;0;0;3;b2, e6, d5, e6, b5;5;c6, d6, f6;3;f8, d6, a8, c6, f8, c7, h8, d6, c7, a8, g7, g7, f8, c7, c7, a7, c7;17;b6, c6, d6, f6, h6, a7, c7, g7, a8, f8, h8;11;f6, d6, c6;3;;0;1;;0;0;1;600;600;2700;1300;600;0;-300;2700;700;8200;3000;700;0;-100;7;5;23;17;5;0;2;0;0;4;1300;4300;1300;0;-200;1100;-5000;-300;False;False
26;51;True;bxc6;b5xc6;-44;138;2.15625;48;d6c5;-62;18;0;False;True;False;34;0.029411764705882353;c6;1;200;c7;1;c6;1;e6, h1, a1, a1, b2;5;a1, d5, h1, a2, g2;5;;0;c6;1;1;;0;0;2;b2, e6, d5, e6;4;d6, f6;2;f8, d6, a8, f8, c7, h8, d6, c7, a8, g7, g7, f8, c7, a7, c7;15;b6, d6, f6, h6, a7, c7, g7, a8, f8, h8;10;f6, d6;2;;0;0;;0;0;1;900;100;2200;1200;0;100;100;2600;400;7000;2700;400;0;0;5;3;20;15;2;1;1;0;0;3;500;3900;400;100;100;100;-4300;0;False;False
26;52;False;Bc5;Bd6-c5;-5;39;0.609375;34;a1d1;-65;60;2;False;False;False;49;0.0;f6, c5, f6;3;0;c7, c5;2;c6, f2;2;e6, e6, h1, a1, a1, b2;6;a1, d5, h1, a2, c6, g2;6;c6;1;f2;1;1;;0;0;2;b2, e6, d5;3;c5, f6;2;f8, c5, a8, f8, c7, h8, c7, a8, g7, g7, f8, c5, a7, c7, b6;15;c5, b6, f6, h6, a7, g7, a8, f8, h8;9;f6, c5;2;;0;0;;0;0;0;1200;200;3100;1300;100;100;100;1700;400;6200;1800;400;0;0;5;4;21;15;3;1;1;0;0;2;600;3100;500;100;100;600;-2900;0;False;False
27;53;True;Bd4;Bb2-d4;25;30;0.46875;49;c5d4;-112;137;3;False;False;False;36;0.16666666666666666;c6, d4;2;0;c7, c5;2;c6, d4;2;e6, e6, d5, h1, d4, a1, a1, d4;8;a1, d5, h1, a2, c6, f2, g2, d4;8;c6, d4;2;;0;0;;0;0;3;d4, e6, d4, d5;4;c5, f6;2;f8, c5, a8, f8, c7, h8, c7, a8, g7, g7, f8, c5, a7, c7, b6;15;c5, b6, f6, h6, a7, g7, a8, f8, h8;9;f6, c5;2;;0;0;;0;0;1;1200;400;3900;1700;400;0;0;2000;400;6200;1800;400;0;0;6;4;23;17;4;0;0;0;0;4;800;3500;800;0;0;1500;-1600;0;False;False
27;54;False;Bxd4;Bc5xd4;-12;37;0.578125;36;d5d4;1;13;0;False;True;False;42;0.023809523809523808;f6, d4;2;0;c7, d4, d4;3;a1, c6, f2;3;e6, e6, h1, a1, a1;5;d5, h1, a2, c6, g2;5;c6;1;a1, f2;2;2;;0;0;1;e6, d5;2;d4, f6;2;f8, a8, f8, c7, h8, c7, a8, g7, d4, g7, f8, d4, a7, c7;14;b6, f6, h6, a7, g7, a8, f8, h8;8;f6;1;d4;1;1;d4;1;0;1;1500;700;2800;800;100;600;600;1400;400;6100;1500;100;300;300;5;5;19;13;2;3;3;1;0;2;1100;2300;200;900;300;-400;-4400;-300;False;False
28;55;True;Rxd4;Rd5xd4;-18;6;0.09375;42;a8e8;-35;17;0;False;True;False;31;0.06451612903225806;c6;1;0;c7;1;c6;1;e6, h1, a1, e6, a1;5;a2, c6, g2, h1;4;c6;1;;0;0;;0;0;1;e6;1;f6;1;f8, a8, f8, c7, h8, c7, a8, g7, g7, f8, a7, c7;12;b6, f6, h6, a7, g7, a8, f8, h8;8;f6;1;;0;0;;0;0;1;900;100;2800;300;100;0;0;900;100;5500;1500;100;0;0;2;2;17;12;2;0;0;0;0;2;200;1800;200;0;0;300;-3900;0;False;False
28;56;False;Rac8;Ra8-c8;4;22;0.34375;31;d4d6;-3;7;1;False;False;False;48;0.0;c8, f6;2;0;c7;1;c6;1;e6, h1, a1, e6, a1;5;a2, c6, g2, h1;4;c6;1;;0;0;;0;0;1;e6, e6;2;c8, f6;2;f8, c8, c7, f8, c7, h8, c8, c7, g7, g7, f8, a7, c7;13;b6, f6, h6, a7, c7, g7, c8, f8, h8;9;c8, f6;2;;0;0;;0;0;1;900;100;2800;300;100;0;0;1800;600;6400;2400;600;0;0;3;3;18;13;3;0;0;0;0;2;700;2700;700;0;0;-200;-4300;0;False;False
29;57;True;Rd6;Rd4-d6;-47;51;0.796875;48;f8e8;-37;10;0;False;False;False;24;0.041666666666666664;d6, c6;2;0;c7, c7;2;c6, d6;2;d6, e6, d6, h1, a1, e6, a1;7;h1, a2, c6, d6, e6, g2;6;d6, c6;2;;0;0;;0;0;1;e6, e6;2;c8, f6;2;f8, c8, c7, f8, c7, h8, c8, c7, g7, g7, f8, a7, c7;13;b6, f6, h6, a7, c7, g7, c8, f8, h8;9;c8, f6;2;;0;0;;0;0;1;1800;600;3800;1700;600;0;0;1800;600;6400;2400;600;0;0;4;4;20;15;4;0;0;0;0;2;1200;4100;1200;0;0;-600;-3300;0;False;False
29;58;False;Rfe8;Rf8-e8;-73;26;0.40625;24;e6d5;-37;36;0;False;False;False;41;0.0;e8, c8, f6;3;0;e8, c7, c7;3;c6, d6, e6;3;d6, e6, d6, h1, a1, e6, a1;7;h1, a2, c6, d6, e6, g2;6;e6, d6, c6;3;;0;1;;0;0;1;e6, e6, e6;3;c8, e8, f6;3;e8, c8, c7, e8, c7, h8, c8, c7, g7, g7, a7, c7;12;b6, f6, h6, a7, c7, g7, c8, e8, h8;9;e8, c8, f6;3;;0;0;;0;0;1;2300;1500;3800;1700;1500;0;-500;2700;1100;5900;2400;1100;0;0;6;6;19;15;6;0;1;0;0;2;2600;4100;2600;0;-500;300;-2800;0;False;False
30;59;True;Qd5;Qe6-d5;-92;19;0.296875;41;e8e5;-151;59;2;False;False;False;29;0.034482758620689655;d6, c6;2;0;c7, c7;2;c6, d6;2;d5, d5, d6, d6, h1, d5, a1, d5, a1;9;d5, h1, a2, c6, d6, g2;6;d6, c6;2;;0;0;;0;0;1;d6;1;f6;1;e8, c8, c7, e8, c7, h8, c8, c7, g7, g7, a7, c7;12;b6, f6, h6, a7, c7, g7, c8, e8, h8;9;f6;1;;0;0;;0;0;1;1800;600;5600;1700;600;0;0;500;100;5900;2400;100;0;0;3;3;21;15;3;0;0;0;0;2;700;4100;700;0;0;900;-2800;0;False;False
30;60;False;Re5;Re8-e5;-90;2;0.03125;29;d5d4;-71;19;0;False;False;False;35;0.08571428571428572;f6, e5;2;0;c7, c7, e5;3;d5, c6, d6;3;d5, d5, d6, d6, h1, d5, a1, d5, a1;9;d5, h1, a2, c6, d6, g2;6;d6, c6, d5;3;;0;1;;0;0;1;d6, d5;2;e5, f6;2;c8, c7, c7, h8, c8, c7, g7, g7, a7, c7, f6;11;e5, b6, f6, h6, a7, c7, g7, c8, h8;9;f6, e5;2;;0;0;;0;0;1;2300;1500;5600;1700;1500;0;-500;1400;600;5000;2400;600;0;0;5;5;20;15;5;0;1;0;0;2;2100;4100;2100;0;-500;1700;-1900;0;False;False
31;61;True;Qd4;Qd5-d4;-105;15;0.234375;35;c8e8;-104;1;0;False;False;False;37;0.02702702702702703;d6, c6;2;0;c7, c7;2;c6, d6;2;d4, d6, d6, h1, d4, a1, a1, d4;8;a1, h1, a2, c6, d6, f2, g2, d4;8;d6, c6;2;;0;0;;0;0;3;d6, d4, d4;3;b6, e5, f6;3;c8, c7, c7, h8, c8, c7, g7, g7, a7, c7, f6;11;e5, b6, f6, h6, a7, c7, g7, c8, h8;9;f6, b6, e5;3;;0;0;;0;0;1;1800;600;4700;2300;600;0;0;2300;700;5000;2400;700;0;0;5;5;19;17;5;0;0;0;0;4;1300;4700;1300;0;0;700;200;0;False;False
31;62;False;Rce8;Rc8-e8;-104;1;0.015625;37;a1f1;-107;3;0;False;False;False;38;0.07894736842105263;f6, b6, e5;3;0;c7, c7;2;c6, d6;2;d4, d6, d6, h1, d4, a1, a1, d4;8;a1, h1, a2, c6, d6, f2, g2, d4;8;d6, c6;2;;0;0;;0;0;3;d6, d4, d4;3;b6, e5, f6;3;e8, e5, c7, h8, c7, g7, g7, a7, c7, f6, e8;11;e5, b6, f6, h6, a7, g7, e8, h8;8;f6, b6, e5;3;;0;0;;0;0;1;1800;600;4700;2300;600;0;0;2300;700;4600;1500;700;0;0;5;5;19;16;5;0;0;0;0;4;1300;3800;1300;0;0;200;1500;0;False;False
32;63;True;f4;f2-f4;-151;47;0.734375;38;e5h5;-168;17;1;False;False;False;39;0.02564102564102564;d6, c6;2;0;c7, c7;2;c6, d6;2;d4, d6, d4, d6, h1, a1, a1, d4;8;a1, h1, a2, c6, d6, g2, d4, f4;8;d6, c6;2;;0;0;;0;0;3;d6, d4, d4, f4;4;b6, e5, f6;3;e8, e5, c7, h8, c7, g7, g7, a7, c7, f6, e8;11;e5, b6, f6, h6, a7, g7, e8, h8;8;f6, b6, e5;3;;0;1;;0;0;1;1800;600;4700;2300;600;0;0;2400;700;4600;1500;700;0;-100;6;5;19;16;5;0;1;0;0;4;1300;3800;1300;0;100;300;1600;0;False;False
32;64;False;Rc5;Re5-c5;-109;42;0.65625;39;a1d1;-99;10;1;False;False;False;36;0.0;f6, f6, c5;3;0;c7, c5, c7, c5;4;c2, c6, d6;3;d4, d6, d4, d6, h1, a1, a1, d4;8;a1, h1, a2, c6, d6, g2, d4, f4;8;d6, c6;2;c2;1;1;;0;0;3;d4, d6, d4;3;c5, f6;2;e8, c7, h8, c7, g7, g7, a7, c7, b6;9;c5, b6, f6, h6, a7, g7, h8;7;f6, c5;2;;0;0;;0;0;1;2800;700;4700;2300;600;100;100;2300;600;3600;1000;600;0;0;7;5;17;15;4;1;1;0;0;4;1300;3300;1200;100;100;600;1800;0;False;False
33;65;True;Rd1;Ra1-d1;-161;52;0.8125;36;c5c6;-161;0;0;False;False;False;42;0.0;d6, c6, c6, c2;4;0;c7, c5, c7, c5;4;c2, c6, d6;3;d4, d6, d4, d1, d6, h1, d1, d4;8;d1, h1, c6, d6, g2, d4, f4;7;d6, c6;2;c2;1;1;;0;0;3;d4, d6, d4;3;c5, f6;2;e8, c7, h8, c7, g7, g7, a7, c7, b6;9;c5, b6, f6, h6, a7, g7, h8;7;f6, c5;2;;0;0;;0;0;1;2800;700;4700;2200;600;100;100;2300;600;3600;1000;600;0;0;7;5;17;14;4;1;1;0;0;4;1300;3200;1200;100;100;600;1700;0;False;False
33;66;False;Qf7;Qc7-f7;-6;155;2.421875;42;d4d3;-91;85;2;False;False;False;39;0.0;f6, f6, c5;3;0;c5, c5, f7;3;a2, c6, c2;3;d4, d6, d4, d1, d6, h1, d1, d4;8;d1, h1, c6, d6, g2, d4, f4;7;c6;1;a2, c2;2;2;;0;0;3;d4, d6, d4;3;c5, f6;2;e8, f7, f7, h8, f7, g7, f7, g7, a7, b6;10;c5, b6, f6, h6, a7, g7, e8, h8;8;f6, c5;2;;0;0;;0;0;0;1900;300;4700;2200;100;200;200;2300;600;4500;1500;600;0;0;6;5;18;15;3;2;2;0;0;3;900;3700;700;200;200;-400;1600;0;False;False
34;67;True;Qd3;Qd4-d3;-71;65;1.015625;39;f7h5;-95;24;0;False;False;False;45;0.044444444444444446;a2, c6, c2;3;0;c5, c5, f7;3;a2, c6, c2;3;d3, d6, d1, c2, d6, h1, d3, d1, d3;9;d1, h1, c2, c6, d6, g2, d3;7;c6, c2;2;a2;1;1;;0;0;1;d6;1;f6;1;e8, f7, f7, h8, f7, g7, f7, g7, a7, b6;10;c5, b6, f6, h6, a7, g7, e8, h8;8;f6;1;;0;0;;0;0;0;1900;300;4800;2200;200;100;100;500;100;4500;1500;100;0;0;4;4;19;15;3;1;1;0;0;1;400;3700;300;100;100;-1100;-600;0;False;False
34;68;False;Qh5+;Qf7-h5+;-54;17;0.265625;45;h1g1;-105;51;2;True;False;False;2;0.0;;0;0;c5, c5, h5, h5;4;d1, c6, c2, h1;4;d3, d6, d1, c2, d6, h1, d3, d1, d3;9;d1, h1, c2, c6, d6, g2, d3;7;c6, c2, h1, d1;4;;0;1;;0;0;1;d6;1;f6;1;e8, h5, h8, h5, g7, g7, a7, c5, h5, b6;10;c5, h5, b6, f6, h6, g7, e8, h8;8;f6;1;;0;0;;0;0;0;2800;700;4800;2200;700;0;-900;500;100;4100;2300;100;0;0;5;5;19;15;5;0;1;0;0;1;800;4500;800;0;-900;400;-2300;0;False;False
35;69;True;Kg1;Kh1-g1;-115;61;0.953125;2;h5g4;-116;1;0;False;False;False;44;0.022727272727272728;d1, c6, c2;3;0;c5, c5, h5;3;d1, c6, c2;3;d3, d6, d1, c2, d6, g1, d3, d1, d3;9;d1, g1, c2, c6, d6, g2, d3;7;c6, c2, d1;3;;0;0;;0;0;1;d6;1;f6;1;e8, h5, h8, h5, g7, g7, a7, c5, h5, b6;10;c5, h5, b6, f6, h6, g7, e8, h8;8;f6;1;;0;0;;0;0;0;1900;700;4800;2200;700;0;0;500;100;4100;2300;100;0;0;4;4;19;15;4;0;0;0;0;1;800;4500;800;0;0;800;-1400;0;False;False
35;70;False;Qg4;Qh5-g4;-159;44;0.6875;44;d3h3;-153;6;0;False;False;False;42;0.23809523809523808;f6;1;0;c5, g4, g4, c5, g4;5;d1, c6, c2, g2, f4;5;d3, d6, d1, c2, d6, g1, d3, d1, d3;9;d1, g1, c2, c6, d6, g2, d3;7;c6, g2, c2, d1;4;f4;1;1;;0;0;1;d6;1;f6;1;e8, g4, h8, g7, g7, a7, b6;7;c5, b6, f6, h6, g7, h8;6;f6;1;;0;0;;0;1;0;3700;900;4800;2200;800;100;100;500;100;1800;900;100;0;0;6;6;16;13;5;1;1;0;1;1;1000;3100;900;100;100;-1100;300;0;False;False
36;71;True;Qf1;Qd3-f1;-159;0;0.0;42;e8e2;-183;24;1;False;False;False;48;0.08333333333333333;c6, c2, f4, g2, d1;5;0;c5, g4, g4, c5, g4;5;d1, c6, c2, g2, f4;5;d1, d6, f1, f1, g1, f1, d1, g1, f1, d6;10;d1, f1, g1, c6, d6, g2, f4;7;c6, f4, g2, d1;4;c2;1;1;;0;0;1;d6;1;f6;1;e8, g4, h8, g7, g7, a7, b6;7;c5, b6, f6, h6, g7, h8;6;f6;1;;0;0;;0;1;0;3700;900;5600;2200;800;100;100;500;100;1800;900;100;0;0;6;6;17;13;5;1;1;0;1;1;1000;3100;900;100;100;300;1100;0;False;False
36;72;False;Re2;Re8-e2;-132;27;0.421875;48;d1d2;-168;36;0;False;False;False;29;0.0;f6, e2;2;0;c5, g4, e2, g4, e2, c5;6;c6, c2, f4, g2;4;d1, d6, f1, f1, g1, f1, d1, g1, f1, d6;10;d1, f1, g1, c6, d6, g2, f4;7;c6, f4, g2;3;c2;1;2;;0;0;1;d6, f1;2;e2, f6;2;g4, h8, g7, g7, a7, b6, g4;7;c5, b6, e2, f6, h6, g7;6;f6, e2;2;;0;0;;0;1;1;3800;400;5600;2200;300;100;200;1400;600;2200;1400;600;0;0;8;6;17;13;5;1;2;0;1;2;1000;3600;900;100;200;-1200;2000;0;False;False
37;73;True;R6d2;Rd6-d2;-203;71;1.109375;29;e2d2;-207;4;1;False;False;False;43;0.046511627906976744;c6, c2, f4, g2, g2, d2;6;0;c5, g4, e2, g4, e2, c5;6;c2, c6, d2, g2, f4;5;f1, f1, g1, d1, d2, f1, d1, g1, f1, d2;10;d1, f1, g1, c2, d2, g2, f4;7;f4, g2, d2, c2;4;c6;1;1;;0;0;0;f1, d2;2;e2;1;g4, h8, g7, g7, a7, b6, g4;7;c5, b6, e2, f6, h6, g7;6;e2;1;;0;0;;0;1;1;3800;900;5600;2200;800;100;100;1400;500;2200;1400;500;0;0;8;6;17;13;5;1;1;0;1;1;1400;3600;1300;100;100;-600;1400;0;False;False
37;74;False;Rxd2;Re2xd2;-175;28;0.4375;43;d1d2;-132;43;0;False;True;False;22;0.045454545454545456;d2;1;0;c5, g4, d2, g4, d2, c5, d2, g4;8;d1, c6, c2, g2, f4;5;f1, f1, g1, f1, d1, g1, f1;7;d1, f1, g1, g2, f4;5;f4, g2, d1;3;c6, c2;2;3;;0;0;0;d1;1;d2;1;g4, h8, g7, g7, a7, b6;6;c5, b6, f6, h6, g7;5;;0;d2;1;1;c5;1;1;1;5200;900;4100;1600;700;200;300;500;500;1300;900;0;500;500;9;6;13;10;3;3;4;1;1;1;1400;2500;700;700;-200;-1700;-1600;-500;False;False
38;75;True;Rxd2;Rd1xd2;-202;27;0.421875;22;f6f5;-181;21;0;False;True;False;35;0.0;c6, c2, f4, g2;4;0;c5, g4, g4, c5;4;c6, c2, f4, g2;4;f1, f1, g1, d2, d2, f1, g1;7;f1, g1, c2, g2, f4;5;f4, g2, c2;3;c6;1;1;;0;0;0;;0;;0;g4, h8, g7, g7, a7, b6;6;c5, b6, f6, h6, g7;5;;0;;0;0;;0;1;0;2800;400;3700;1200;300;100;100;0;0;1300;900;0;0;0;4;4;13;10;3;1;1;0;1;0;400;2100;300;100;100;-100;-500;0;False;False
38;76;False;Rxc6;Rc5xc6;-112;90;1.40625;35;d2d8;-197;85;2;False;True;False;30;0.03333333333333333;;0;100;g4, g4, c6;3;c2, f4, g2;3;f1, f1, g1, d2, d2, f1, g1;7;f1, g1, c2, g2, f4;5;f4, g2, c2;3;;0;0;;0;0;0;;0;;0;g4, h8, g7, c6, g7, c6, a7;7;b6, f6, g7, h6;4;;0;;0;0;;0;1;0;2300;300;3700;1200;300;0;0;0;0;2200;400;0;0;0;3;3;14;9;3;0;0;0;1;0;300;1600;300;0;0;500;-300;-100;False;False
39;77;True;Rd8+;Rd2-d8+;-147;35;0.546875;30;h8h7;-137;10;0;True;False;False;1;1.0;;0;0;g4, g4, c6;3;c2, f4, g2;3;f1, f1, g1, f1, g1;5;f1, f4, g2, g1;4;f4, g2;2;c2;1;1;;0;0;0;d8;1;h8;1;g4, h8, g7, c6, g7, c6, a7;7;b6, f6, g7, h6;4;;0;h8;1;1;;0;1;0;2300;300;2700;1100;200;100;100;500;0;2200;400;0;0;2200;4;4;12;8;2;2;2;0;1;0;300;1500;200;100;-2100;-100;-900;-100;False;False
39;78;False;Kh7;Kh8-h7;-128;19;0.296875;1;f1d3;-121;7;0;False;False;False;35;0.02857142857142857;;0;0;g4, g4, c6;3;c2, f4, g2;3;f1, f1, g1, f1, g1;5;f1, f4, g2, g1;4;f4, g2;2;c2;1;1;;0;0;0;;0;;0;g4, h7, g7, h7, c6, g7, c6, a7;8;b6, f6, g7, h6;4;;0;;0;0;;0;1;0;2300;300;2700;1100;200;100;100;0;0;2200;400;0;0;0;3;3;13;8;2;1;1;0;1;0;300;1500;200;100;100;-600;-1400;-100;False;False
40;79;True;Qd3+;Qf1-d3+;-157;29;0.453125;35;f6f5;-147;10;0;True;False;False;4;0.0;;0;0;g4, g4, c6;3;c2, f4, g2;3;d3, c2, d8, g1, d3;5;d3, c2, d8, g2;4;g2, c2;2;f4;1;1;;0;0;0;d3;1;h7;1;g4, h7, g7, h7, c6, g7, c6, a7;8;b6, f6, g7, h6;4;;0;h7;1;1;;0;1;0;2300;300;2400;1600;200;100;100;900;0;2200;400;0;0;2200;4;4;13;8;2;2;2;0;1;0;300;2000;200;100;-2100;-600;-300;-100;False;False
40;80;False;f5;f6-f5;-147;10;0.15625;4;d3d5;-149;2;0;False;False;False;40;0.05;f5;1;0;g4, g4, c6;3;c2, f4, g2;3;d3, c2, d8, g1, d3;5;d3, c2, d8, g2;4;g2, c2;2;f4;1;1;;0;1;0;d3;1;f5;1;g4, h7, c6, g7, h7, c6, a7, g4, f5;9;f5, b6, h6, g7, g4;5;f5;1;;0;0;;0;1;0;2300;300;2400;1600;200;100;100;900;100;3100;1300;100;0;0;4;4;14;9;3;1;1;0;2;0;400;2900;300;100;100;-1500;-2000;-100;False;False
41;81;True;Rd5;Rd8-d5;-196;49;0.765625;40;c6g6;-156;40;1;False;False;False;30;0.03333333333333333;c2, f4, g2;3;0;g4, g4, c6;3;c2, f4, g2;3;d3, c2, d5, g1, d3;5;d3, c2, d5, g2;4;g2, c2;2;f4;1;1;;0;1;0;d3, d5;2;f5;1;g4, h7, c6, g7, h7, c6, a7, g4, f5;9;f5, b6, h6, g7, g4;5;f5;1;;0;0;;0;1;0;2300;300;2400;1600;200;100;100;1400;100;3100;1300;100;0;0;5;4;14;9;3;1;1;0;2;0;400;2900;300;100;100;-1000;-1500;-100;False;False
41;82;False;Rg6;Rc6-g6;-175;21;0.328125;30;d3d2;-186;11;0;False;False;False;35;0.02857142857142857;f5, f5;2;0;g4, g4;2;f4, g2;2;d3, c2, d5, g1, d3;5;d3, c2, d5, g2;4;g2;1;f4;1;1;;0;1;0;d3, d5;2;f5;1;g6, h7, g6, g7, h7, g4, h7, g6, a7, g4, f5, g6;12;f5, b6, g6, h6, g7, g4;6;f5;1;;0;0;;0;1;0;1800;200;2400;1600;100;100;100;1400;100;4100;1800;100;0;0;4;3;17;10;2;1;1;0;2;0;300;3400;200;100;100;-1400;-2400;-100;False;False
42;83;True;Qd2;Qd3-d2;-202;27;0.421875;35;g6e6;-211;9;0;False;False;False;21;0.14285714285714285;f4, g2;2;0;g4, g4;2;f4, g2;2;d2, d2, g1, d2, d5, d2;6;d5, c2, d2, g2, f4;5;f4, g2;2;;0;0;;0;0;0;d5;1;f5;1;g6, h7, g6, g7, h7, g4, h7, g6, a7, g4, f5, g6;12;f5, b6, g6, h6, g7, g4;6;f5;1;;0;0;;0;1;0;1800;200;4100;1700;200;0;0;500;100;4100;1800;100;0;0;3;3;18;11;3;0;0;0;1;0;300;3500;300;0;0;-400;-1500;-100;False;False
42;84;False;Re6;Rg6-e6;-196;6;0.09375;21;d5e5;-210;14;0;False;False;False;30;0.03333333333333333;f5;1;0;g4, g4;2;f4, g2;2;d2, d2, g1, d2, d5, d2;6;d5, c2, d2, g2, f4;5;f4, g2;2;;0;0;;0;0;0;d5;1;f5;1;g4, h7, e6, g7, h7, e6, a7, g4, f5;9;f5, b6, h6, g7, g4;5;f5;1;;0;0;;0;1;0;1800;200;4100;1700;200;0;0;500;100;3100;1300;100;0;0;3;3;15;10;3;0;0;0;1;0;300;3000;300;0;0;-400;0;-100;False;False
43;85;True;Re5;Rd5-e5;-139;57;0.890625;30;e6e5;-199;60;2;False;False;False;27;0.1111111111111111;e5, f4, g2;3;0;e6, g4, g4;3;e5, f4, g2;3;f4, d2, g1, d2, d2;5;c2, e5, f4, g2;4;e5, f4, g2;3;;0;0;;0;0;0;e5, e5;2;e6, f5;2;g4, h7, e6, g7, h7, e6, a7, g4, f5;9;f5, b6, h6, g7, g4;5;f5;1;e6;1;1;;0;1;0;2300;700;2800;800;700;0;0;1000;600;3100;1300;100;500;500;5;5;14;9;4;1;1;0;1;0;1300;2100;800;500;-500;200;-2200;-100;False;False
43;86;False;Rc6;Re6-c6;-144;5;0.078125;27;d2d3;-101;43;1;False;False;False;36;0.027777777777777776;f5;1;0;g4, g4, c6;3;c2, f4, g2;3;f4, d2, g1, d2, d2;5;c2, e5, f4, g2;4;f4, g2, c2;3;;0;0;;0;0;0;e5;1;f5;1;g4, h7, c6, g7, h7, c6, a7, g4, f5;9;f5, b6, h6, g7, g4;5;f5;1;;0;0;;0;1;0;2300;300;2800;800;300;0;0;500;100;3100;1300;100;0;0;4;4;14;9;4;0;0;0;1;0;400;2100;400;0;0;0;-2800;-100;False;False
44;87;True;Qd3;Qd2-d3;-190;46;0.71875;36;g4f4;-173;17;0;False;False;False;30;0.06666666666666667;c2, f4, g2;3;0;g4, g4, c6;3;c2, f4, g2;3;f4, c2, g1, d3;4;c2, d3, e5, g2;4;g2, c2;2;f4;1;1;;0;1;0;d3, e5;2;f5;1;g4, h7, c6, g7, h7, c6, a7, g4, f5;9;f5, b6, h6, g7, g4;5;f5;1;;0;0;;0;1;0;2300;300;1100;1600;200;100;100;1400;100;3100;1300;100;0;0;5;4;13;9;3;1;1;0;2;0;400;2900;300;100;100;-1000;-2800;-100;False;False
44;88;False;Rg6;Rc6-g6;-149;41;0.640625;30;d3d5;-150;1;1;False;False;False;42;0.0;f5, f5;2;0;g4, g4;2;f4, g2;2;f4, c2, g1, d3;4;c2, d3, e5, g2;4;g2;1;f4;1;1;;0;1;0;d3, e5;2;f5;1;g6, h7, g6, g7, h7, g4, h7, g6, a7, g4, f5, g6;12;f5, b6, g6, h6, g7, g4;6;f5;1;;0;0;;0;1;0;1800;200;1100;1600;100;100;100;1400;100;4100;1800;100;0;0;4;3;16;10;2;1;1;0;2;0;300;3400;200;100;100;-1400;-3700;-100;False;False
45;89;True;Qd2;Qd3-d2;-184;35;0.546875;42;h6h5;-190;6;1;False;False;False;21;0.19047619047619047;f4, g2;2;0;g4, g4;2;f4, g2;2;f4, d2, g1, d2, d2;5;c2, e5, f4, g2;4;f4, g2;2;;0;0;;0;0;0;e5;1;f5;1;g6, h7, g6, g7, h7, g4, h7, g6, a7, g4, f5, g6;12;f5, b6, g6, h6, g7, g4;6;f5;1;;0;0;;0;1;0;1800;200;2800;800;200;0;0;500;100;4100;1800;100;0;0;3;3;17;10;3;0;0;0;1;0;300;2600;300;0;0;-400;-3700;-100;False;False
45;90;False;Rc6;Rg6-c6;-192;8;0.125;21;d2d3;-192;0;1;False;False;False;36;0.08333333333333333;f5;1;0;g4, g4, c6;3;c2, f4, g2;3;f4, d2, g1, d2, d2;5;c2, e5, f4, g2;4;f4, g2, c2;3;;0;0;;0;0;0;e5;1;f5;1;g4, h7, c6, g7, h7, c6, a7, g4, f5;9;f5, b6, h6, g7, g4;5;f5;1;;0;0;;0;1;0;2300;300;2800;800;300;0;0;500;100;3100;1300;100;0;0;4;4;14;9;4;0;0;0;1;0;400;2100;400;0;0;0;-2800;-100;False;False
46;91;True;Qd3;Qd2-d3;-216;24;0.375;36;c6f6;-211;5;0;False;False;False;30;0.06666666666666667;c2, f4, g2;3;0;g4, g4, c6;3;c2, f4, g2;3;f4, c2, g1, d3;4;c2, d3, e5, g2;4;g2, c2;2;f4;1;1;;0;1;0;d3, e5;2;f5;1;g4, h7, c6, g7, h7, c6, a7, g4, f5;9;f5, b6, h6, g7, g4;5;f5;1;;0;0;;0;1;0;2300;300;1100;1600;200;100;100;1400;100;3100;1300;100;0;0;5;4;13;9;3;1;1;0;2;0;400;2900;300;100;100;-1000;-2800;-100;False;False
46;92;False;Qxf4;Qg4xf4;-120;96;1.5;30;e5f5;-184;64;2;False;True;False;40;0.025;f5, f5;2;100;f4, c6;2;c2, e5;2;c2, g1, d3;3;c2, d3, g2;3;c2;1;e5;1;1;;0;1;0;d3, e5;2;f5;1;h7, f4, c6, g7, h7, c6, a7, f4;8;b6, f5, g7, h6;4;f5;1;;0;0;;0;0;0;1400;600;1000;1100;100;500;500;1400;100;3000;400;100;0;0;4;3;11;7;2;1;1;0;1;0;700;1500;200;500;500;-500;-1800;-200;False;False
47;93;True;Rxf5;Re5xf5;-137;17;0.265625;40;f4d6;-144;7;0;False;True;False;40;0.05;c2, f5;2;-400;f4, c6;2;c2, f5;2;d3, c2, g1, d3;4;c2, d3, f5, g2;4;f5, c2;2;;0;0;;0;0;0;f5;1;f4;1;h7, f4, c6, g7, h7, c6, a7;7;b6, g7, h6;3;;0;f4;1;1;;0;0;0;1400;600;1900;1600;600;0;0;500;900;2100;300;0;900;900;3;3;11;7;2;1;1;0;0;0;1500;1900;600;900;-900;1800;500;-100;False;False
47;94;False;Qc4;Qf4-c4;-158;21;0.328125;40;f5f7;-156;2;1;False;False;False;41;0.024390243902439025;c4;1;0;c4, c4, c4;3;a2, c2, d3;3;d3, c2, g1, d3;4;c2, d3, f5, g2;4;d3, c2;2;a2;1;1;;0;0;0;d3;1;c4;1;h7, c6, g7, h7, c4, c6, a7, c6;8;b6, c6, h6, g7, c4;5;c4;1;;0;0;;0;0;0;2700;1100;1900;1600;1000;100;100;900;900;2600;1700;900;0;0;4;4;12;9;3;1;1;0;0;0;2000;3300;1900;100;100;-1400;-2800;-100;False;False
48;95;True;Rf7+;Rf5-f7+;-139;19;0.296875;41;c4d3;-169;30;0;True;False;False;5;0.2;d3;1;0;c4, c4, c4, c4;4;a2, c2, d3, f7;4;c2, g1, d3;3;c2, d3, g2;3;d3, c2;2;a2, f7;2;2;;0;1;0;d3, f7, f7, d3;4;a7, c4, g7, h7;4;h7, c6, g7, h7, c4, c6, a7, c6;8;b6, c6, h6, g7, c4;5;g7, c4;2;a7, h7;2;2;c4;1;0;0;3600;1600;1000;1100;1000;600;600;2800;1100;2600;1700;1000;100;2300;8;8;11;8;4;4;4;1;1;0;2700;2800;2000;700;-1700;-800;-3500;-100;False;False
48;96;False;Qxd3;Qc4xd3;-186;47;0.734375;5;c2d3;-159;27;0;False;True;False;23;0.043478260869565216;g7, a7, d3;3;0;d3, c6;2;c2;1;g1;1;g2;1;;0;c2;1;2;;0;1;0;f7, f7, c2;3;a7, d3, g7;3;d3, h7, c6, g7, h7, c6, a7;7;b6, h6, g7, h7;4;g7;1;a7, d3;2;2;;0;0;0;1400;100;0;100;0;100;200;1100;1100;2100;300;100;1000;1000;5;4;8;5;1;3;4;0;1;0;1200;400;100;1100;-800;600;-1600;-1000;False;False
49;97;True;cxd3;c2xd3;-184;2;0.03125;23;a7a5;-191;7;0;False;True;False;18;0.05555555555555555;;0;0;;0;;0;g1;1;g2;1;;0;;0;0;;0;1;0;f7, f7;2;a7, g7;2;h7, c6, g7, h7, c6, a7;6;b6, g7, h6;3;g7;1;a7;1;1;;0;0;0;0;0;0;100;0;0;0;1000;200;1200;300;100;100;100;2;2;7;4;1;1;1;0;1;0;200;400;100;100;-100;1100;-200;-100;False;True
49;98;False;a5;a7-a5;-177;7;0.109375;18;f7f1;-176;1;0;False;False;False;22;0.09090909090909091;g7;1;0;;0;;0;g1;1;g2;1;;0;;0;0;;0;1;0;f7;1;g7;1;h7, c6, g7, h7, c6, b6;6;a5, b6, g7, h6;4;g7;1;;0;0;;0;0;0;0;0;0;100;0;0;0;500;100;1200;400;100;0;0;1;1;7;5;1;0;0;0;1;0;100;500;100;0;0;500;-900;-100;False;True
50;99;True;Rd7;Rf7-d7;-162;15;0.234375;22;a5a4;-199;37;1;False;False;False;17;0.11764705882352941;;0;0;;0;;0;d7, g1;2;d3, g2;2;;0;;0;0;;0;1;0;d7;1;g7;1;h7, c6, g7, h7, c6, b6;6;a5, b6, g7, h6;4;g7;1;;0;0;;0;0;0;0;0;500;200;0;0;0;500;100;1200;400;100;0;0;1;1;8;6;1;0;0;0;1;0;100;600;100;0;0;500;-300;-100;False;True
50;100;False;a4;a5-a4;-153;9;0.140625;17;d7a7;-143;10;0;False;False;False;18;0.05555555555555555;g7;1;0;;0;;0;d7, g1;2;d3, g2;2;;0;;0;0;;0;1;0;d7;1;g7;1;h7, c6, g7, h7, c6;5;b6, g7, h6;3;g7;1;;0;0;;0;0;0;0;0;500;200;0;0;0;500;100;1100;300;100;0;0;1;1;7;5;1;0;0;0;1;0;100;500;100;0;0;500;-100;-100;False;True
51;101;True;Ra7;Rd7-a7;-171;18;0.28125;18;b6b5;-191;20;0;False;False;False;17;0.11764705882352941;;0;0;;0;;0;g1;1;g2;1;;0;;0;0;;0;1;0;a7, a7;2;a4, g7;2;h7, c6, g7, h7, c6;5;b6, g7, h6;3;g7;1;a4;1;1;;0;0;0;0;0;0;100;0;0;0;1000;200;1100;300;100;100;100;2;2;6;4;1;1;1;0;1;0;200;400;100;100;-100;1100;-100;-100;False;True
51;102;False;b5;b6-b5;-190;19;0.296875;17;a7a5;-191;1;0;False;False;False;18;0.1111111111111111;g7, a4;2;0;;0;;0;g1;1;g2;1;;0;;0;0;;0;1;0;a7, a7;2;a4, g7;2;h7, c6, g7, h7, b5;5;a4, g7, h6;3;g7, a4;2;;0;0;;0;0;0;0;0;0;100;0;0;0;1000;200;700;300;200;0;0;2;2;6;4;2;0;0;0;1;0;200;400;200;0;0;900;300;-100;False;True
52;103;True;Rb7;Ra7-b7;-225;35;0.546875;18;c6c1;-205;20;1;False;False;False;19;0.10526315789473684;;0;0;;0;;0;g1;1;g2;1;;0;;0;0;;0;1;0;b7, b7;2;b5, g7;2;h7, c6, g7, h7, b5;5;a4, g7, h6;3;g7;1;b5;1;1;;0;0;0;0;0;0;100;0;0;0;1000;200;700;300;100;100;100;2;2;6;4;1;1;1;0;1;0;200;400;100;100;-100;1100;300;-100;False;True
52;104;False;Rd6;Rc6-d6;-123;102;1.59375;19;b7b5;-234;111;3;False;False;False;17;0.058823529411764705;g7, b5;2;0;d6;1;d3;1;g1;1;g2;1;;0;d3;1;1;;0;1;0;b7, b7;2;b5, g7;2;h7, d6, g7, h7, b5;5;a4, g7, h6;3;g7;1;b5;1;1;;0;0;0;500;100;0;100;0;100;100;1000;200;700;300;100;100;100;3;3;6;4;1;2;2;0;1;0;300;400;100;200;0;500;-300;-100;False;True
53;105;True;Rxb5;Rb7xb5;-163;40;0.625;17;d6d3;-150;13;0;False;True;False;18;0.05555555555555555;d3;1;100;d6;1;d3;1;g1;1;g2;1;;0;d3;1;1;;0;0;0;;0;;0;h7, d6, g7, h7;4;g7, h6;2;;0;;0;0;;0;0;0;500;100;0;100;0;100;100;0;0;600;200;0;0;0;1;1;5;3;0;1;1;0;0;0;100;300;0;100;100;-600;-1300;0;False;True
53;106;False;Rxd3;Rd6xd3;-170;7;0.109375;18;b5b2;-153;17;0;False;True;False;21;0.14285714285714285;;0;100;;0;;0;g1;1;g2;1;;0;;0;0;;0;0;0;;0;;0;h7, g7, h7;3;g7, h6;2;;0;;0;0;;0;0;0;0;0;0;100;0;0;0;0;0;100;200;0;0;0;0;0;4;3;0;0;0;0;0;0;0;300;0;0;0;0;-200;-100;False;True
54;107;True;Rb2;Rb5-b2;-175;5;0.078125;21;d3c3;-179;4;0;False;False;False;21;0.42857142857142855;;0;0;;0;;0;g1, b2, b2;3;a2, g2;2;;0;;0;0;;0;0;0;;0;;0;h7, g7, h7;3;g7, h6;2;;0;;0;0;;0;0;0;0;0;1000;200;0;0;0;0;0;100;200;0;0;0;0;0;6;4;0;0;0;0;0;0;0;400;0;0;0;0;900;-100;False;True
54;108;False;Ra3;Rd3-a3;-176;1;0.015625;21;g1f2;-179;3;1;False;False;False;17;0.17647058823529413;;0;0;a3;1;a2;1;g1, b2, b2;3;a2, g2;2;a2;1;;0;0;;0;0;0;;0;;0;h7, g7, h7, a3;4;a4, g7, h6;3;;0;;0;0;;0;0;0;500;100;1000;200;100;0;0;0;0;600;300;0;0;0;1;1;7;5;1;0;0;0;0;0;100;500;100;0;0;0;-300;-100;False;True
55;109;True;Kh2;Kg1-h2;-166;10;0.15625;17;h7g6;-183;17;1;False;False;False;14;0.5714285714285714;a2;1;0;a3;1;a2;1;b2, h2, b2;3;a2, g2;2;a2;1;;0;0;;0;0;0;;0;;0;h7, g7, h7, a3;4;a4, g7, h6;3;;0;;0;0;;0;0;0;500;100;1000;200;100;0;0;0;0;600;300;0;0;0;1;1;7;5;1;0;0;0;0;0;100;500;100;0;0;0;-300;-100;False;True
55;110;False;h5;h6-h5;-160;6;0.09375;14;g2g3;-188;28;1;False;False;False;15;0.2;;0;0;a3;1;a2;1;b2, h2, b2;3;a2, g2;2;a2;1;;0;0;;0;0;0;;0;;0;h7, a3;2;a4, g7;2;;0;;0;0;;0;0;0;500;100;1000;200;100;0;0;0;0;500;200;0;0;0;1;1;5;4;1;0;0;0;0;0;100;400;100;0;0;0;-100;-100;False;True
56;111;True;g3;g2-g3;-201;41;0.640625;15;g7g5;-179;22;0;False;False;False;14;0.07142857142857142;g3, a2;2;0;a3, a3;2;a2, g3;2;h2, b2, b2;3;a2, g3, h2;3;g3, a2;2;;0;0;;0;0;0;;0;;0;h7, a3;2;a4, g7;2;;0;;0;0;;0;0;0;1000;200;1000;200;200;0;0;0;0;500;200;0;0;0;2;2;5;5;2;0;0;0;0;0;200;400;200;0;0;-500;-700;-100;False;True
56;112;False;g5;g7-g5;-205;4;0.0625;14;b2g2;-188;17;0;False;False;False;17;0.35294117647058826;;0;0;a3, a3;2;a2, g3;2;h2, b2, b2;3;a2, g3, h2;3;g3, a2;2;;0;0;;0;0;0;;0;;0;a3;1;a4;1;;0;;0;0;;0;0;0;1000;200;1000;200;200;0;0;0;0;500;100;0;0;0;2;2;4;4;2;0;0;0;0;0;200;300;200;0;0;-500;-600;-100;False;True
57;113;True;Kg2;Kh2-g2;-196;9;0.140625;17;h7g7;-210;14;1;False;False;False;14;0.35714285714285715;g3, a2;2;0;a3, a3;2;a2, g3;2;g2, b2, b2;3;a2, g3, g2;3;g3, a2;2;;0;0;;0;0;0;;0;;0;a3;1;a4;1;;0;;0;0;;0;0;0;1000;200;1000;200;200;0;0;0;0;500;100;0;0;0;2;2;4;4;2;0;0;0;0;0;200;300;200;0;0;-500;-600;-100;False;True
57;114;False;Rd3;Ra3-d3;-159;37;0.578125;14;b2b7;-221;62;2;False;False;False;19;0.0;;0;0;d3;1;g3;1;g2, b2, b2;3;a2, g3, g2;3;g3;1;;0;0;;0;0;0;;0;;0;;0;;0;;0;;0;0;;0;0;0;500;100;1000;200;100;0;0;0;0;0;0;0;0;0;1;1;3;3;1;0;0;0;0;0;100;200;100;0;0;-500;600;-100;False;True
58;115;True;Rb4;Rb2-b4;-240;81;1.265625;19;d3d2;-182;58;2;False;False;False;21;0.09523809523809523;g3;1;0;d3;1;g3;1;g2;1;g3;1;g3;1;;0;0;;0;0;0;b4;1;a4;1;;0;;0;;0;a4;1;1;;0;0;0;500;100;0;100;100;0;0;500;100;0;0;0;100;100;2;2;1;1;1;1;1;0;0;0;200;100;100;100;-100;100;100;-100;False;True
58;116;False;a3;a4-a3;-238;2;0.03125;21;b4b5;-246;8;1;False;False;False;21;0.14285714285714285;;0;0;d3;1;g3;1;g2;1;g3;1;g3;1;;0;0;;0;0;0;;0;;0;d3;1;a3;1;;0;;0;0;;0;0;0;500;100;0;100;100;0;0;0;0;500;100;0;0;0;1;1;2;2;1;0;0;0;0;0;100;200;100;0;0;-500;-1100;-100;False;True
59;117;True;g4;g3-g4;-233;5;0.078125;21;h5h4;-245;12;1;False;False;False;20;0.1;g4;1;0;h5;1;g4;1;b4;1;g4;1;g4;1;;0;0;;0;0;0;g4;1;h5;1;d3;1;a3;1;;0;h5;1;1;;0;0;0;100;100;500;100;100;0;0;100;100;500;100;0;100;100;2;2;2;2;1;1;1;0;0;0;200;200;100;100;-100;600;0;-100;False;True
59;118;False;hxg4;h5xg4;-261;28;0.4375;20;b4g4;-181;80;2;False;True;False;18;0.2222222222222222;g4;1;0;;0;;0;;0;;0;;0;;0;0;;0;0;0;b4;1;g4;1;d3;1;a3;1;;0;g4;1;1;;0;0;0;0;0;0;0;0;0;0;500;100;500;100;0;100;100;1;1;1;1;0;1;1;0;0;0;100;100;0;100;-100;600;0;-200;False;True
60;119;True;Rxg4;Rb4xg4;-275;14;0.21875;18;d3d2;-296;21;0;False;True;False;18;0.05555555555555555;;0;0;;0;;0;g4;1;g2;1;;0;;0;0;;0;0;0;g4;1;g5;1;d3;1;a3;1;;0;g5;1;1;;0;0;0;0;0;500;0;0;0;0;500;100;500;100;0;100;100;1;1;2;2;0;1;1;0;0;0;100;100;0;100;-100;600;500;-100;False;True
60;120;False;Kg6;Kh7-g6;-286;11;0.171875;18;g4a4;-213;73;2;False;False;False;14;0.07142857142857142;g5;1;0;;0;;0;g4;1;g2;1;;0;;0;0;;0;1;0;g4;1;g5;1;g6, d3;2;a3, g5;2;g5;1;;0;0;;0;0;0;0;0;500;0;0;0;0;500;100;500;200;100;0;0;1;1;3;3;1;0;0;0;1;0;100;200;100;0;0;500;400;-100;False;True
61;121;True;Ra4;Rg4-a4;-354;68;1.0625;14;d3d2;-347;7;0;False;False;False;21;0.0;;0;0;;0;;0;;0;;0;;0;;0;0;;0;0;0;a4;1;a3;1;g6, d3;2;a3, g5;2;a3;1;;0;0;;0;0;0;0;0;0;0;0;0;0;500;100;500;200;100;0;0;1;1;2;2;1;0;0;0;0;0;100;200;100;0;0;0;-100;-100;False;True
61;122;False;Rd2+;Rd3-d2+;-317;37;0.578125;21;g2f3;-288;29;0;True;False;False;6;0.5;;0;0;d2, d2;2;a2, g2;2;;0;;0;;0;a2, g2;2;2;;0;0;0;a4;1;a3;1;g6;1;g5;1;;0;a3;1;1;d2;1;0;0;1000;100;0;0;0;100;2300;500;100;0;100;0;100;100;3;3;1;1;0;3;3;1;0;0;200;100;0;200;2200;-500;-600;-100;False;True
62;123;True;Kg3;Kg2-g3;-307;10;0.15625;6;d2a2;-274;33;1;False;False;False;22;0.045454545454545456;a2;1;0;d2;1;a2;1;;0;;0;;0;a2;1;1;;0;0;0;a4;1;a3;1;g6;1;g5;1;;0;a3;1;1;;0;0;0;500;100;0;0;0;100;100;500;100;0;100;0;100;100;2;2;1;1;0;2;2;0;0;0;200;100;0;200;0;0;-100;-100;False;True
62;124;False;Rxa2;Rd2xa2;-334;27;0.421875;22;g3g4;-302;32;0;False;True;False;15;0.3333333333333333;a3;1;100;;0;;0;;0;;0;;0;;0;0;;0;1;0;a4;1;a3;1;g6, a2;2;a3, g5;2;a3;1;;0;0;;0;0;0;0;0;0;0;0;0;0;500;100;500;200;100;0;0;1;1;2;2;1;0;0;0;1;0;100;200;100;0;0;0;-100;-200;False;True
63;125;True;Ra5;Ra4-a5;-369;35;0.546875;15;a2a1;-328;41;1;False;False;False;15;0.13333333333333333;;0;0;;0;;0;;0;;0;;0;;0;0;;0;1;0;a5, a5;2;a3, g5;2;g6, a2;2;a3, g5;2;g5, a3;2;;0;0;;0;0;0;0;0;0;0;0;0;0;1000;200;500;200;200;0;0;2;2;2;2;2;0;0;0;1;0;200;200;200;0;0;500;500;-200;False;True
63;126;False;Ra1;Ra2-a1;-370;1;0.015625;15;a5a4;-371;1;0;False;False;False;17;0.5294117647058824;g5, a3;2;0;;0;;0;;0;;0;;0;;0;0;;0;1;0;a5, a5;2;a3, g5;2;g6, a1;2;a3, g5;2;g5, a3;2;;0;0;;0;0;0;0;0;0;0;0;0;0;1000;200;500;200;200;0;0;2;2;2;2;2;0;0;0;1;0;200;200;200;0;0;500;500;-200;False;True
64;127;True;Kg2;Kg3-g2;-332;38;0.59375;17;a3a2;-332;0;1;False;False;False;16;0.375;;0;0;;0;;0;;0;;0;;0;;0;0;;0;1;0;a5, a5;2;a3, g5;2;g6, a1;2;a3, g5;2;g5, a3;2;;0;0;;0;0;0;0;0;0;0;0;0;0;1000;200;500;200;200;0;0;2;2;2;2;2;0;0;0;1;0;200;200;200;0;0;500;500;-200;False;True
64;128;False;Kf6;Kg6-f6;-404;72;1.125;16;a5a6;-404;0;1;False;False;False;16;0.75;g5, a3;2;0;;0;;0;;0;;0;;0;;0;0;;0;1;0;a5, a5;2;a3, g5;2;f6, a1;2;a3, g5;2;g5, a3;2;;0;0;;0;0;0;0;0;0;0;0;0;0;1000;200;500;200;200;0;0;2;2;2;2;2;0;0;0;1;0;200;200;200;0;0;500;500;-200;False;True
65;129;True;Kh2;Kg2-h2;-340;64;1.0;16;a3a2;-340;0;1;False;False;False;15;0.26666666666666666;;0;0;;0;;0;;0;;0;;0;;0;0;;0;1;0;a5, a5;2;a3, g5;2;f6, a1;2;a3, g5;2;g5, a3;2;;0;0;;0;0;0;0;0;0;0;0;0;0;1000;200;500;200;200;0;0;2;2;2;2;2;0;0;0;1;0;200;200;200;0;0;500;500;-200;False;True
65;130;False;g4;g5-g4;-350;10;0.15625;15;h2g3;-350;0;1;False;False;False;14;0.7142857142857143;a3;1;0;;0;;0;;0;;0;;0;;0;0;;0;1;0;a5;1;a3;1;a1;1;a3;1;a3;1;;0;0;;0;0;0;0;0;0;0;0;0;0;500;100;500;100;100;0;0;1;1;1;1;1;0;0;0;1;0;100;100;100;0;0;0;0;-200;False;True
66;131;True;Ra4;Ra5-a4;-370;20;0.3125;14;a3a2;-401;31;1;False;False;False;18;0.0;;0;0;;0;;0;;0;;0;;0;;0;0;;0;1;0;a4, a4;2;a3, g4;2;a1;1;a3;1;a3;1;g4;1;1;;0;0;0;0;0;0;0;0;0;0;1000;200;500;100;100;100;100;2;2;1;1;1;1;1;0;1;0;200;100;100;100;-100;600;600;-200;False;True
66;132;False;Ke5;Kf6-e5;-210;160;2.5;18;a4g4;-324;114;3;False;False;False;13;0.0;g4, a3;2;0;;0;;0;;0;;0;;0;;0;0;;0;1;0;a4, a4;2;a3, g4;2;a1;1;a3;1;a3;1;g4;1;1;;0;0;0;0;0;0;0;0;0;0;1000;200;500;100;100;100;100;2;2;1;1;1;1;1;0;1;0;200;100;100;100;-100;600;600;-200;False;True
67;133;True;Rxg4;Ra4xg4;-260;50;0.78125;13;a1a2;-248;12;0;False;True;False;14;0.2857142857142857;;0;100;;0;;0;;0;;0;;0;;0;0;;0;0;0;;0;;0;a1;1;a3;1;;0;;0;0;;0;0;0;0;0;0;0;0;0;0;0;0;500;100;0;0;0;0;0;1;1;0;0;0;0;0;0;0;100;0;0;0;0;-600;-100;False;True
67;134;False;Ra2+;Ra1-a2+;-237;23;0.359375;14;h2g3;-246;9;0;True;False;False;5;0.4;;0;0;a2;1;h2;1;;0;;0;;0;h2;1;1;;0;0;0;;0;;0;a2;1;a3;1;;0;;0;0;;0;0;0;500;0;0;0;0;0;2200;0;0;500;100;0;0;0;1;1;1;1;0;1;1;0;0;0;0;100;0;0;2200;-500;-1100;-100;False;True
68;135;True;Kh3;Kh2-h3;-256;19;0.296875;5;a2c2;-246;10;1;False;False;False;13;0.46153846153846156;;0;0;;0;;0;h3;1;g4;1;;0;;0;0;;0;0;0;;0;;0;a2;1;a3;1;;0;;0;0;;0;0;0;0;0;0;500;0;0;0;0;0;500;100;0;0;0;0;0;2;2;0;0;0;0;0;0;0;600;0;0;0;0;-100;-100;False;True
68;136;False;Rb2;Ra2-b2;-337;81;1.265625;13;g4a4;-349;12;1;False;False;False;16;0.0;;0;0;;0;;0;h3;1;g4;1;;0;;0;0;;0;0;0;;0;;0;a3;1;b2;1;;0;;0;0;;0;0;0;0;0;0;500;0;0;0;0;0;100;500;0;0;0;0;0;2;2;0;0;0;0;0;0;0;1000;0;0;0;0;-100;-100;False;True
69;137;True;Ra4;Rg4-a4;-701;364;5.6875;16;a3a2;-701;0;0;False;False;False;20;0.0;;0;0;;0;;0;;0;;0;;0;;0;0;;0;0;0;a4;1;a3;1;a3;1;b2;1;;0;a3;1;1;;0;0;0;0;0;0;0;0;0;0;500;100;100;500;0;100;100;1;1;1;1;0;1;1;0;0;0;100;500;0;100;-100;600;0;-100;False;True
69;138;False;a2;a3-a2;-711;10;0.15625;20;h3g4;-711;0;0;False;False;False;16;0.4375;a2;1;0;;0;;0;;0;;0;;0;;0;0;;0;0;0;a4;1;a2;1;b2;1;a2;1;a2;1;;0;0;;0;0;0;0;0;0;0;0;0;0;500;100;500;100;100;0;0;1;1;1;1;1;0;0;0;0;0;100;100;100;0;0;0;0;-100;False;True
70;139;True;Kg3;Kh3-g3;-720;9;0.140625;16;e5d5;-715;5;1;False;False;False;22;0.045454545454545456;;0;0;;0;;0;;0;;0;;0;;0;0;;0;0;0;a4;1;a2;1;b2;1;a2;1;a2;1;;0;0;;0;0;0;0;0;0;0;0;0;0;500;100;500;100;100;0;0;1;1;1;1;1;0;0;0;0;0;100;100;100;0;0;0;0;-100;False;True
70;140;False;Kd5;Ke5-d5;-696;24;0.375;22;g3f4;-691;5;0;False;False;False;18;0.2777777777777778;a2;1;0;;0;;0;;0;;0;;0;;0;0;;0;0;0;a4;1;a2;1;b2;1;a2;1;a2;1;;0;0;;0;0;0;0;0;0;0;0;0;0;500;100;500;100;100;0;0;1;1;1;1;1;0;0;0;0;0;100;100;100;0;0;0;0;-100;False;True
71;141;True;Kf3;Kg3-f3;-1185;489;7.640625;18;d5c5;-696;489;4;False;False;False;22;0.045454545454545456;;0;0;;0;;0;;0;;0;;0;;0;0;;0;0;0;a4;1;a2;1;b2;1;a2;1;a2;1;;0;0;;0;0;0;0;0;0;0;0;0;0;500;100;500;100;100;0;0;1;1;1;1;1;0;0;0;0;0;100;100;100;0;0;0;0;-100;False;True
71;142;False;Kc5;Kd5-c5;-706;479;7.484375;22;a4a7;-706;0;0;False;False;False;18;0.05555555555555555;a2;1;0;;0;;0;;0;;0;;0;;0;0;;0;0;0;a4;1;a2;1;b2;1;a2;1;a2;1;;0;0;;0;0;0;0;0;0;0;0;0;0;500;100;500;100;100;0;0;1;1;1;1;1;0;0;0;0;0;100;100;100;0;0;0;0;-100;False;True
72;143;True;Ke3;Kf3-e3;-1281;575;8.984375;18;c5b5;-1264;17;1;False;False;False;22;0.0;;0;0;;0;;0;;0;;0;;0;;0;0;;0;0;0;a4;1;a2;1;b2;1;a2;1;a2;1;;0;0;;0;0;0;0;0;0;0;0;0;0;500;100;500;100;100;0;0;1;1;1;1;1;0;0;0;0;0;100;100;100;0;0;0;0;-100;False;True
72;144;False;Kb5;Kc5-b5;-1240;41;0.640625;22;a4a8;-1281;41;0;False;False;False;18;0.1111111111111111;a2;1;0;b5;1;a4;1;;0;;0;;0;a4;1;1;;0;0;0;a4;1;a2;1;b2, b2;2;a2, b5;2;a2;1;;0;0;;0;0;0;0;500;0;0;0;500;500;500;100;1000;100;100;0;0;2;2;2;2;1;1;1;0;0;0;600;100;100;500;500;-500;-1000;-100;False;True
73;145;True;Ra8;Ra4-a8;-1284;44;0.6875;18;b5c4;-735;549;4;False;False;False;18;0.05555555555555555;;0;0;;0;;0;;0;;0;;0;;0;0;;0;0;0;a8;1;a2;1;b2, b2;2;a2, b5;2;a2;1;;0;0;;0;0;0;0;0;0;0;0;0;0;500;100;1000;100;100;0;0;1;1;2;2;1;0;0;0;0;0;100;100;100;0;0;0;-500;-100;False;True
73;146;False;Kc4;Kb5-c4;-1287;3;0.046875;18;a8a6;-1276;11;0;False;False;False;16;0.3125;a2;1;0;;0;;0;;0;;0;;0;;0;0;;0;0;0;a8;1;a2;1;b2;1;a2;1;a2;1;;0;0;;0;0;0;0;0;0;0;0;0;0;500;100;500;100;100;0;0;1;1;1;1;1;0;0;0;0;0;100;100;100;0;0;0;0;-100;False;True
